"year","team","conference","rating","ranking","offense.ranking","offense.rating","defense.ranking","defense.rating","specialTeams.rating","conference_missing","ranking_missing","offense.ranking_missing","defense.ranking_missing","specialTeams.rating_missing"
2015,"Ohio State","Big Ten",29.5,1,12,41.3,123,13.5,1.8,0,0,0,0,0
2015,"Alabama","SEC",29,2,23,37.7,128,9.1,0.4,0,0,0,0,0
2015,"Ole Miss","SEC",27,3,8,43.1,117,17.4,1.4,0,0,0,0,0
2015,"Clemson","ACC",24,4,10,41.9,118,17.2,-0.7,0,0,0,0,0
2015,"Florida State","ACC",23.2,5,21,38,121,15,0.2,0,0,0,0,0
2015,"Stanford","ACC",22.8,6,5,44.5,84,24.5,2.8,0,0,0,0,0
2015,"Oklahoma","SEC",22.7,7,11,41.7,112,19.3,0.3,0,0,0,0,0
2015,"Notre Dame","FBS Independents",22.4,8,6,44.1,100,21.2,-0.4,0,0,0,0,0
2015,"North Carolina","ACC",20,9,7,43.3,78,25.3,2,0,0,0,0,0
2015,"Michigan","Big Ten",19.7,10,34,35.2,119,16.2,0.8,0,0,0,0,0
2015,"LSU","SEC",19.7,10,12,41.3,95,21.8,0.2,0,0,0,0,0
2015,"Baylor","Big 12",19.5,12,3,45.1,85,24.1,-1.5,0,0,0,0,0
2015,"Tennessee","SEC",19.5,12,30,35.7,116,17.8,1.6,0,0,0,0,0
2015,"Arkansas","SEC",19.2,14,2,46.6,62,28,0.5,0,0,0,0,0
2015,"TCU","Big 12",19,15,15,40.8,97,21.7,-0.1,0,0,0,0,0
2015,"UCLA","Big Ten",18.6,16,9,42.4,91,22.6,-1.2,0,0,0,0,0
2015,"USC","Big Ten",16.8,17,20,38.6,88,23.3,1.5,0,0,0,0,0
2015,"Georgia","SEC",16.8,17,68,28.6,127,10.7,-1.1,0,0,0,0,0
2015,"Oregon","Big Ten",15.9,19,1,46.7,46,30.4,-0.4,0,0,0,0,0
2015,"Michigan State","Big Ten",15.6,20,30,35.7,103,20.6,0.4,0,0,0,0,0
2015,"Wisconsin","Big Ten",15.1,21,76,27,125,12.4,0.5,0,0,0,0,0
2015,"Mississippi State","SEC",15.1,21,16,40.2,87,23.8,-1.3,0,0,0,0,0
2015,"Auburn","SEC",14.6,23,28,36.1,89,23.1,1.7,0,0,0,0,0
2015,"Texas A&M","SEC",14.1,24,51,31.9,115,18.8,1,0,0,0,0,0
2015,"Florida","SEC",13.8,25,81,26.7,120,15.8,2.8,0,0,0,0,0
2015,"Louisville","ACC",13.2,26,42,33.4,108,20,-0.2,0,0,0,0,0
2015,"West Virginia","Big 12",12.9,27,38,34.4,109,19.9,-1.6,0,0,0,0,0
2015,"California","ACC",12.1,28,12,41.3,50,29.5,0.3,0,0,0,0,0
2015,"Navy","American Athletic",12.1,28,19,38.9,64,27.8,1,0,0,0,0,0
2015,"Boise State","Mountain West",11.8,30,49,32.2,106,20.2,-0.2,0,0,0,0,0
2015,"Virginia Tech","ACC",11.4,31,57,30.8,111,19.7,0.4,0,0,0,0,0
2015,"Penn State","Big Ten",11.3,32,71,28.4,114,19,1.9,0,0,0,0,0
2015,"Pittsburgh","ACC",11.1,33,40,33.9,93,22.4,-0.5,0,0,0,0,0
2015,"Nebraska","Big Ten",11.1,33,33,35.4,81,25,0.8,0,0,0,0,0
2015,"Miami","ACC",11,35,36,34.9,75,25.8,1.8,0,0,0,0,0
2015,"Utah","Big 12",11,35,67,28.8,110,19.8,2,0,0,0,0,0
2015,"Western Kentucky","Conference USA",10.8,37,17,40.1,49,29.8,0.5,0,0,0,0,0
2015,"Arizona State","Big 12",10.2,38,36,34.9,66,27.2,2.5,0,0,0,0,0
2015,"Oklahoma State","Big 12",9.9,39,23,37.7,56,28.8,1.1,0,0,0,0,0
2015,"Washington","Big Ten",9.7,40,61,30.1,102,20.8,0.4,0,0,0,0,0
2015,"NC State","ACC",9.6,41,27,36.2,82,24.7,-1.8,0,0,0,0,0
2015,"Iowa","Big Ten",9.3,42,61,30.1,101,21,0.2,0,0,0,0,0
2015,"Georgia Tech","ACC",9,43,44,33.1,76,25.4,1.4,0,0,0,0,0
2015,"BYU","Big 12",8.7,44,51,31.9,83,24.6,1.4,0,0,0,0,0
2015,"Louisiana Tech","Conference USA",8.3,45,32,35.6,65,27.4,0.1,0,0,0,0,0
2015,"Minnesota","Big Ten",8.1,46,72,28.1,93,22.4,2.4,0,0,0,0,0
2015,"Memphis","American Athletic",8,47,35,35.1,46,30.4,3.3,0,0,0,0,0
2015,"San Diego State","Mountain West",8,47,68,28.6,91,22.6,2,0,0,0,0,0
2015,"App State","Sun Belt",7.9,49,43,33.2,80,25.1,-0.2,0,0,0,0,0
2015,"Toledo","Mid-American",7.7,50,60,30.4,95,21.8,-0.9,0,0,0,0,0
2015,"Bowling Green","Mid-American",7.5,51,18,39.4,35,32.1,0.2,0,0,0,0,0
2015,"Georgia Southern","Sun Belt",7.3,52,46,32.8,72,26.5,1,0,0,0,0,0
2015,"Houston","Big 12",6.2,53,41,33.6,59,28.4,1,0,0,0,0,0
2015,"Temple","American Athletic",6,54,83,26.4,103,20.6,0.2,0,0,0,0,0
2015,"Cincinnati","Big 12",5.3,55,38,34.4,61,28.2,-0.8,0,0,0,0,0
2015,"Western Michigan","Mid-American",4.9,56,26,36.7,33,32.2,0.4,0,0,0,0,0
2015,"Boston College","ACC",4.7,57,119,18,124,12.5,-0.8,0,0,0,0,0
2015,"Arizona","Big 12",4.7,57,21,38,42,31.6,-1.7,0,0,0,0,0
2015,"Air Force","Mountain West",4.7,57,47,32.6,55,29.2,1.3,0,0,0,0,0
2015,"Texas Tech","Big 12",4.5,60,4,44.8,8,40.3,0,0,0,0,0,0
2015,"Washington State","Pac-12",4.2,61,29,35.8,52,29.4,-2.2,0,0,0,0,0
2015,"Texas","SEC",3.7,62,58,30.7,69,27,0,0,0,0,0,0
2015,"South Florida","American Athletic",3.6,63,61,30.1,70,26.8,0.3,0,0,0,0,0
2015,"Marshall","Sun Belt",3.5,64,91,25.4,105,20.3,-1.5,0,0,0,0,0
2015,"Duke","ACC",3.4,65,76,27,98,21.5,-2,0,0,0,0,0
2015,"South Carolina","SEC",3.4,65,53,31.3,57,28.6,0.8,0,0,0,0,0
2015,"Missouri","SEC",3.4,65,123,16.7,125,12.4,-0.9,0,0,0,0,0
2015,"Illinois","Big Ten",2.7,68,104,22.7,106,20.2,0.2,0,0,0,0,0
2015,"Kansas State","Big 12",2.6,69,49,32.2,44,30.8,1.2,0,0,0,0,0
2015,"Southern Miss","Sun Belt",1.4,70,53,31.3,43,31.1,1.2,0,0,0,0,0
2015,"Virginia","ACC",1.4,70,45,33,44,30.8,-0.8,0,0,0,0,0
2015,"Arkansas State","Sun Belt",0.5,72,56,30.9,59,28.4,-2,0,0,0,0,0
2015,"Colorado State","Mountain West",0.5,72,65,29.4,48,30.2,1.3,0,0,0,0,0
2015,"Indiana","Big Ten",0.4,74,25,37.5,20,35.9,-1.2,0,0,0,0,0
2015,"Northwestern","Big Ten",0.2,75,121,16.8,121,15,-1.5,0,0,0,0,0
2015,"Utah State","Mountain West",-0.1,76,100,24.1,90,22.9,-1.4,0,0,0,0,0
2015,"Kentucky","SEC",-0.3,77,79,26.8,66,27.2,0.1,0,0,0,0,0
2015,"Iowa State","Big 12",-0.3,77,55,31.2,24,33.7,2.2,0,0,0,0,0
2015,"East Carolina","American Athletic",-0.5,79,68,28.6,63,27.9,-1.2,0,0,0,0,0
2015,"Ohio","Mid-American",-0.5,79,94,24.5,71,26.6,1.7,0,0,0,0,0
2015,"Akron","Mid-American",-0.8,81,93,24.8,74,25.9,0.3,0,0,0,0,0
2015,"Northern Illinois","Mid-American",-0.9,82,86,26.1,76,25.4,-1.7,0,0,0,0,0
2015,"Vanderbilt","SEC",-1.6,83,120,17.8,112,19.3,-0.1,0,0,0,0,0
2015,"Maryland","Big Ten",-1.6,83,86,26.1,72,26.5,-1.2,0,0,0,0,0
2015,"Central Michigan","Mid-American",-3.1,85,83,26.4,66,27.2,-2.3,0,0,0,0,0
2015,"Syracuse","ACC",-3.9,86,64,30,28,33.2,-0.7,0,0,0,0,0
2015,"Colorado","Big 12",-4,87,89,25.8,58,28.5,-1.3,0,0,0,0,0
2015,"San José State","Mountain West",-4.5,88,79,26.8,38,32,0.8,0,0,0,0,0
2015,"Wake Forest","ACC",-4.5,88,112,19.8,79,25.2,0.9,0,0,0,0,0
2015,"Middle Tennessee","Conference USA",-4.6,90,74,27.7,35,32.1,-0.1,0,0,0,0,0
2015,"UConn","FBS Independents",-6.3,91,118,18.1,86,23.9,-0.5,0,0,0,0,0
2015,"Georgia State","Sun Belt",-6.7,92,73,28,39,31.9,-2.7,0,0,0,0,0
2015,"Troy","Sun Belt",-7,93,94,24.5,39,31.9,0.5,0,0,0,0,0
2015,"Louisiana","Sun Belt",-7.1,94,98,24.2,35,32.1,0.8,0,0,0,0,0
2015,"Nevada","Mountain West",-7.1,94,78,26.9,31,32.6,-1.3,0,0,0,0,0
2015,"Purdue","Big Ten",-7.4,96,82,26.6,26,33.5,-0.5,0,0,0,0,0
2015,"Tulsa","American Athletic",-8.5,97,48,32.4,5,41.2,0.4,0,0,0,0,0
2015,"New Mexico","Mountain West",-8.7,98,92,24.9,23,34.8,1.3,0,0,0,0,0
2015,"Massachusetts","FBS Independents",-9.5,99,106,22.1,53,29.3,-2.3,0,0,0,0,0
2015,"Florida Atlantic","American Athletic",-9.8,100,115,18.8,53,29.3,0.7,0,0,0,0,0
2015,"Rutgers","Big Ten",-10.1,101,66,29.3,17,37.1,-2.3,0,0,0,0,0
2015,"Oregon State","Pac-12",-10.1,101,88,25.9,21,35.3,-0.8,0,0,0,0,0
2015,"Buffalo","Mid-American",-10.3,103,100,24.1,33,32.2,-2.2,0,0,0,0,0
2015,"South Alabama","Sun Belt",-10.4,104,97,24.3,27,33.4,-1.3,0,0,0,0,0
2015,"Kent State","Mid-American",-11.9,105,128,10.6,99,21.3,-1.2,0,0,0,0,0
2015,"Idaho","Big Sky",-12.2,106,58,30.7,2,44.4,1.6,0,0,0,0,0
2015,"Fresno State","Mountain West",-12.6,107,113,19.6,30,32.8,0.6,0,0,0,0,0
2015,"Miami (OH)","Mid-American",-13.5,108,121,16.8,50,29.5,-0.8,0,0,0,0,0
2015,"Tulane","American Athletic",-14,109,109,20.3,32,32.5,-1.8,0,0,0,0,0
2015,"Rice","American Athletic",-14.6,110,102,24,13,37.9,-0.7,0,0,0,0,0
2015,"UL Monroe","Sun Belt",-14.7,111,117,18.4,29,32.9,-0.2,0,0,0,0,0
2015,"Old Dominion","Sun Belt",-14.8,112,105,22.5,15,37.5,0.2,0,0,0,0,0
2015,"UCF","Big 12",-15.5,113,125,16.3,24,33.7,1.8,0,0,0,0,0
2015,"Texas State","Sun Belt",-15.5,113,85,26.3,7,40.5,-1.4,0,0,0,0,0
2015,"Ball State","Mid-American",-15.5,113,107,21.9,16,37.3,-0.1,0,0,0,0,0
2015,"UNLV","Mountain West",-16.2,116,98,24.2,9,39.9,-0.5,0,0,0,0,0
2015,"Hawai'i","Mountain West",-16.3,117,124,16.6,22,35.1,2.2,0,0,0,0,0
2015,"Florida International","Conference USA",-16.6,118,108,21.7,19,36.5,-1.9,0,0,0,0,0
2015,"Wyoming","Mountain West",-16.7,119,103,22.9,10,39.7,0.1,0,0,0,0,0
2015,"SMU","ACC",-17.5,120,75,27.3,3,42.3,-2.6,0,0,0,0,0
2015,"UTSA","American Athletic",-17.7,121,114,19.3,18,36.6,-0.3,0,0,0,0,0
2015,"New Mexico State","Conference USA",-18.6,122,94,24.5,4,42.2,-0.9,0,0,0,0,0
2015,"UTEP","Conference USA",-19.5,123,116,18.7,14,37.8,-0.4,0,0,0,0,0
2015,"Eastern Michigan","Mid-American",-19.7,124,90,25.6,1,45.5,0.1,0,0,0,0,0
2015,"Kansas","Big 12",-21.3,125,111,20.2,6,40.6,-0.9,0,0,0,0,0
2015,"Charlotte","American Athletic",-21.7,126,127,11.9,39,31.9,-1.7,0,0,0,0,0
2015,"Army","American Athletic",-21.7,126,109,20.3,12,39,-3,0,0,0,0,0
2015,"North Texas","American Athletic",-25,128,126,13.3,11,39.2,0.8,0,0,0,0,0
2015,"nationalAverages","Unknown",2.2265625,65,65,29.76328125,65,27.5265625,-0.0015625,1,1,1,1,0
2016,"Alabama","SEC",31.7,1,13,40,128,8.6,0.4,0,0,0,0,0
2016,"Clemson","ACC",28.7,2,3,43.5,123,14.1,-0.7,0,0,0,0,0
2016,"Washington","Big Ten",26.7,3,12,40.2,125,13.9,0.4,0,0,0,0,0
2016,"Oklahoma","SEC",26.1,4,1,48.7,97,22.9,0.3,0,0,0,0,0
2016,"LSU","SEC",25.3,5,40,34.2,127,9,0.2,0,0,0,0,0
2016,"Michigan","Big Ten",24.4,6,35,34.8,126,11.1,0.7,0,0,0,0,0
2016,"Florida State","ACC",24,7,5,42.6,112,18.8,0.2,0,0,0,0,0
2016,"USC","Big Ten",23.6,8,19,39.2,120,17.1,1.5,0,0,0,0,0
2016,"Louisville","ACC",22.9,9,8,40.8,114,17.7,-0.2,0,0,0,0,0
2016,"Ohio State","Big Ten",22.4,10,32,35.6,121,15,1.7,0,0,0,0,0
2016,"Penn State","Big Ten",19,11,23,38,104,20.9,1.9,0,0,0,0,0
2016,"Miami","ACC",18.6,12,42,34.1,118,17.3,1.8,0,0,0,0,0
2016,"Stanford","ACC",16.4,13,53,31.2,116,17.5,2.7,0,0,0,0,0
2016,"Oklahoma State","Big 12",16.4,13,7,42.4,78,27,1,0,0,0,0,0
2016,"Tennessee","SEC",16.3,15,15,39.9,85,25.2,1.6,0,0,0,0,0
2016,"Wisconsin","Big Ten",16.1,16,58,30.5,122,14.8,0.5,0,0,0,0,0
2016,"North Carolina","ACC",15.9,17,21,38.5,88,24.6,2,0,0,0,0,0
2016,"Notre Dame","FBS Independents",15.7,18,18,39.4,95,23.2,-0.4,0,0,0,0,0
2016,"Western Kentucky","Conference USA",15.5,19,9,40.7,83,25.8,0.5,0,0,0,0,0
2016,"Florida","SEC",15.4,20,84,26.6,124,14,2.8,0,0,0,0,0
2016,"Auburn","SEC",15.3,21,49,32.1,113,18.4,1.7,0,0,0,0,0
2016,"Virginia Tech","ACC",15.2,22,37,34.5,108,19.6,0.4,0,0,0,0,0
2016,"Pittsburgh","ACC",13.1,23,4,43,53,29.4,-0.4,0,0,0,0,0
2016,"Minnesota","Big Ten",12.6,24,76,27.8,116,17.5,2.3,0,0,0,0,0
2016,"Ole Miss","SEC",12.4,25,20,38.9,67,27.9,1.3,0,0,0,0,0
2016,"Toledo","Mid-American",12.3,26,10,40.6,74,27.4,-0.9,0,0,0,0,0
2016,"Texas A&M","SEC",12,27,26,37.2,82,26.1,1,0,0,0,0,0
2016,"Temple","American Athletic",11.9,28,52,31.5,107,19.8,0.2,0,0,0,0,0
2016,"Boise State","Mountain West",11.5,29,28,36.7,87,25,-0.2,0,0,0,0,0
2016,"Western Michigan","Mid-American",11.5,29,13,40,58,28.9,0.4,0,0,0,0,0
2016,"San Diego State","Mountain West",11.4,31,50,32,100,22.5,1.9,0,0,0,0,0
2016,"West Virginia","Big 12",11.3,32,31,35.7,99,22.8,-1.6,0,0,0,0,0
2016,"Baylor","Big 12",11.3,32,27,37,89,24.2,-1.5,0,0,0,0,0
2016,"TCU","Big 12",11,34,37,34.5,93,23.4,-0.1,0,0,0,0,0
2016,"Utah","Big 12",10.9,35,46,32.5,91,23.6,2,0,0,0,0,0
2016,"Texas","SEC",10.6,36,25,37.4,79,26.8,0,0,0,0,0,0
2016,"Iowa","Big Ten",10.3,37,68,29,111,18.9,0.2,0,0,0,0,0
2016,"Nebraska","Big Ten",10.3,37,24,37.7,64,28.3,0.8,0,0,0,0,0
2016,"Houston","Big 12",10.1,39,56,30.8,101,21.7,1,0,0,0,0,0
2016,"South Florida","American Athletic",9.8,40,2,44.4,29,34.9,0.3,0,0,0,0,0
2016,"NC State","ACC",9.4,41,58,30.5,110,19.3,-1.8,0,0,0,0,0
2016,"Georgia","SEC",9.3,42,74,28,115,17.6,-1.1,0,0,0,0,0
2016,"App State","Sun Belt",9.2,43,61,30,106,20.5,-0.2,0,0,0,0,0
2016,"UCLA","Big Ten",9.1,44,79,27.5,118,17.3,-1.1,0,0,0,0,0
2016,"Kansas State","Big 12",8.2,45,40,34.2,77,27.2,1.2,0,0,0,0,0
2016,"BYU","Big 12",8,46,63,29.6,96,23.1,1.4,0,0,0,0,0
2016,"Arkansas","SEC",7.9,47,29,36.2,58,28.9,0.5,0,0,0,0,0
2016,"Georgia Tech","ACC",7.8,48,33,35,60,28.5,1.3,0,0,0,0,0
2016,"Memphis","American Athletic",7.7,49,43,33.8,55,29.3,3.2,0,0,0,0,0
2016,"Michigan State","Big Ten",7.4,50,55,31,90,24.1,0.4,0,0,0,0,0
2016,"Tulsa","American Athletic",7.4,50,36,34.6,71,27.6,0.4,0,0,0,0,0
2016,"Navy","American Athletic",6.8,52,16,39.8,32,33.9,1,0,0,0,0,0
2016,"Colorado","Big 12",6.3,53,65,29.3,101,21.7,-1.3,0,0,0,0,0
2016,"Washington State","Pac-12",6.2,54,29,36.2,68,27.8,-2.2,0,0,0,0,0
2016,"Oregon","Big Ten",6.1,55,6,42.5,23,36.1,-0.4,0,0,0,0,0
2016,"Mississippi State","SEC",5.4,56,37,34.5,68,27.8,-1.3,0,0,0,0,0
2016,"Indiana","Big Ten",4.6,57,91,25.1,109,19.4,-1.1,0,0,0,0,0
2016,"Air Force","Mountain West",4.4,58,45,33,49,29.9,1.3,0,0,0,0,0
2016,"Texas Tech","Big 12",3.7,59,10,40.6,15,36.9,0,0,0,0,0,0
2016,"Louisiana Tech","Conference USA",3.1,60,16,39.8,15,36.9,0.1,0,0,0,0,0
2016,"Northwestern","Big Ten",2.9,61,75,27.9,92,23.5,-1.5,0,0,0,0,0
2016,"California","ACC",2.4,62,22,38.4,22,36.3,0.3,0,0,0,0,0
2016,"Troy","Sun Belt",1.1,63,87,25.7,86,25.1,0.4,0,0,0,0,0
2016,"Colorado State","Mountain West",0.8,64,44,33.5,31,34,1.3,0,0,0,0,0
2016,"Iowa State","Big 12",0.7,65,81,27,60,28.5,2.2,0,0,0,0,0
2016,"Southern Miss","Sun Belt",0.7,65,67,29.1,51,29.6,1.2,0,0,0,0,0
2016,"Wake Forest","ACC",-0.6,67,114,21.5,97,22.9,0.9,0,0,0,0,0
2016,"Maryland","Big Ten",-0.6,67,69,28.7,66,28.1,-1.2,0,0,0,0,0
2016,"Old Dominion","Sun Belt",-0.7,69,62,29.9,46,30.9,0.2,0,0,0,0,0
2016,"Missouri","SEC",-1,70,53,31.2,44,31.3,-0.9,0,0,0,0,0
2016,"Vanderbilt","SEC",-1.2,71,89,25.3,81,26.3,-0.1,0,0,0,0,0
2016,"Arkansas State","Sun Belt",-1.2,71,113,21.9,103,21.1,-2,0,0,0,0,0
2016,"Boston College","ACC",-1.6,73,117,20.1,105,20.8,-0.8,0,0,0,0,0
2016,"Middle Tennessee","Conference USA",-1.9,74,33,35,18,36.8,-0.1,0,0,0,0,0
2016,"Ohio","Mid-American",-2.1,75,111,22,83,25.8,1.7,0,0,0,0,0
2016,"UCF","Big 12",-2.2,76,120,19.3,94,23.3,1.8,0,0,0,0,0
2016,"Northern Illinois","Mid-American",-2.4,77,50,32,38,32.7,-1.7,0,0,0,0,0
2016,"Kentucky","SEC",-2.6,78,56,30.8,36,33.4,0.1,0,0,0,0,0
2016,"Syracuse","ACC",-2.7,79,66,29.2,45,31.2,-0.7,0,0,0,0,0
2016,"Duke","ACC",-2.8,80,82,26.8,71,27.6,-2,0,0,0,0,0
2016,"Arizona State","Big 12",-3,81,47,32.2,12,37.6,2.5,0,0,0,0,0
2016,"Cincinnati","Big 12",-3.6,82,99,24.5,76,27.3,-0.8,0,0,0,0,0
2016,"Virginia","ACC",-3.8,83,88,25.4,60,28.5,-0.7,0,0,0,0,0
2016,"Georgia Southern","Sun Belt",-3.9,84,76,27.8,39,32.6,1,0,0,0,0,0
2016,"South Carolina","SEC",-4,85,105,22.7,73,27.5,0.8,0,0,0,0,0
2016,"Utah State","Mountain West",-4.4,86,96,24.7,70,27.7,-1.4,0,0,0,0,0
2016,"Arizona","Big 12",-4.5,87,63,29.6,41,32.4,-1.6,0,0,0,0,0
2016,"Oregon State","Pac-12",-4.6,88,86,26.1,48,30,-0.7,0,0,0,0,0
2016,"New Mexico","Mountain West",-5.1,89,47,32.2,9,38.6,1.3,0,0,0,0,0
2016,"Akron","Mid-American",-5.6,90,109,22.3,65,28.2,0.3,0,0,0,0,0
2016,"Miami (OH)","Mid-American",-6.1,91,101,23.8,57,29,-0.8,0,0,0,0,0
2016,"Central Michigan","Mid-American",-6.1,91,78,27.6,43,31.4,-2.3,0,0,0,0,0
2016,"Bowling Green","Mid-American",-6.6,93,93,25,42,31.8,0.2,0,0,0,0,0
2016,"Illinois","Big Ten",-6.7,94,105,22.7,52,29.5,0.2,0,0,0,0,0
2016,"Wyoming","Mountain West",-6.9,95,60,30.4,13,37.5,0.1,0,0,0,0,0
2016,"Ball State","Mid-American",-7,96,73,28.2,27,35.1,-0.1,0,0,0,0,0
2016,"Eastern Michigan","Mid-American",-8.2,97,72,28.3,21,36.6,0.1,0,0,0,0,0
2016,"Idaho","Big Sky",-8.6,98,96,24.7,29,34.9,1.5,0,0,0,0,0
2016,"Louisiana","Sun Belt",-8.7,99,118,19.8,53,29.4,0.8,0,0,0,0,0
2016,"East Carolina","American Athletic",-9,100,80,27.2,27,35.1,-1.1,0,0,0,0,0
2016,"South Alabama","Sun Belt",-9.4,101,90,25.2,37,33.3,-1.3,0,0,0,0,0
2016,"Army","American Athletic",-9.9,102,110,22.2,56,29.2,-2.9,0,0,0,0,0
2016,"Hawai'i","Mountain West",-10.1,103,71,28.6,5,40.8,2.2,0,0,0,0,0
2016,"SMU","ACC",-10.8,104,100,24.3,39,32.6,-2.5,0,0,0,0,0
2016,"Purdue","Big Ten",-11,105,91,25.1,26,35.6,-0.5,0,0,0,0,0
2016,"UTSA","American Athletic",-11.2,106,105,22.7,34,33.6,-0.3,0,0,0,0,0
2016,"UConn","FBS Independents",-11.6,107,118,19.8,46,30.9,-0.5,0,0,0,0,0
2016,"Kent State","Mid-American",-12,108,126,16.6,74,27.4,-1.1,0,0,0,0,0
2016,"Georgia State","Sun Belt",-12.1,109,123,17.3,80,26.7,-2.7,0,0,0,0,0
2016,"Marshall","Sun Belt",-12.7,110,98,24.6,25,35.8,-1.5,0,0,0,0,0
2016,"Nevada","Mountain West",-13,111,85,26.2,11,37.9,-1.3,0,0,0,0,0
2016,"San José State","Mountain West",-13.6,112,108,22.4,19,36.7,0.7,0,0,0,0,0
2016,"Florida Atlantic","American Athletic",-14.1,113,69,28.7,1,43.5,0.7,0,0,0,0,0
2016,"UNLV","Mountain West",-14.3,114,83,26.7,7,40.4,-0.5,0,0,0,0,0
2016,"Tulane","American Athletic",-14.6,115,128,15.7,63,28.4,-1.8,0,0,0,0,0
2016,"North Texas","American Athletic",-14.6,115,111,22,13,37.5,0.8,0,0,0,0,0
2016,"Rutgers","Big Ten",-14.9,117,123,17.3,49,29.9,-2.2,0,0,0,0,0
2016,"Massachusetts","FBS Independents",-15.3,118,102,23.7,19,36.7,-2.3,0,0,0,0,0
2016,"Kansas","Big 12",-15.9,119,115,21,24,36,-0.8,0,0,0,0,0
2016,"UTEP","Conference USA",-16.1,120,93,25,6,40.6,-0.4,0,0,0,0,0
2016,"Rice","American Athletic",-16.5,121,104,22.8,9,38.6,-0.7,0,0,0,0,0
2016,"Fresno State","Mountain West",-16.9,122,127,16.4,32,33.9,0.5,0,0,0,0,0
2016,"New Mexico State","Conference USA",-17.2,123,103,23.2,8,39.5,-0.8,0,0,0,0,0
2016,"Buffalo","Mid-American",-18.8,124,125,16.8,35,33.5,-2.1,0,0,0,0,0
2016,"Florida International","Conference USA",-19,125,93,25,3,42.2,-1.8,0,0,0,0,0
2016,"Charlotte","American Athletic",-20.9,126,122,17.6,15,36.9,-1.6,0,0,0,0,0
2016,"UL Monroe","Sun Belt",-21.3,127,116,20.4,4,41.5,-0.2,0,0,0,0,0
2016,"Texas State","Sun Belt",-25.5,128,121,18.4,2,42.5,-1.4,0,0,0,0,0
2016,"nationalAverages","Unknown",1.946875,65,65,30.0125,65,28.0578125,0.00078125,1,1,1,1,0
2017,"Alabama","SEC",33.5,1,11,38.7,128,5.6,0.4,0,0,0,0,0
2017,"Ohio State","Big Ten",30.9,2,3,42.9,122,12.8,0.9,0,0,0,0,0
2017,"Wisconsin","Big Ten",26.8,3,18,37.4,125,11.6,1,0,0,0,0,0
2017,"Georgia","SEC",26.7,4,7,39.6,117,15.4,2.6,0,0,0,0,0
2017,"Clemson","ACC",26.4,5,20,36.5,127,8.3,-1.8,0,0,0,0,0
2017,"Penn State","Big Ten",26,6,5,41.5,119,14.9,-0.6,0,0,0,0,0
2017,"Oklahoma","SEC",25.5,7,1,49.8,86,24.2,-0.1,0,0,0,0,0
2017,"Auburn","SEC",24.7,8,25,35.4,126,11,0.2,0,0,0,0,0
2017,"Florida State","ACC",22.8,9,37,33.3,123,12.5,2,0,0,0,0,0
2017,"Washington","Big Ten",22.1,10,8,39.4,115,16.3,-1.1,0,0,0,0,0
2017,"LSU","SEC",21.1,11,23,35.6,121,14,-0.5,0,0,0,0,0
2017,"Notre Dame","FBS Independents",20.8,12,18,37.4,114,16.9,0.2,0,0,0,0,0
2017,"Michigan","Big Ten",19.6,13,49,31.1,124,11.8,0.3,0,0,0,0,0
2017,"Louisville","ACC",19.2,14,2,43.3,82,24.9,0.8,0,0,0,0,0
2017,"Oklahoma State","Big 12",19.1,15,4,42.2,94,23,-0.1,0,0,0,0,0
2017,"TCU","Big 12",18.9,16,21,35.7,110,18.7,1.9,0,0,0,0,0
2017,"USC","Big Ten",17.9,17,12,38.5,105,20,-0.6,0,0,0,0,0
2017,"Miami","ACC",17.4,18,27,35.3,113,17,-0.9,0,0,0,0,0
2017,"Mississippi State","SEC",16,19,40,32.4,111,18.1,1.7,0,0,0,0,0
2017,"Stanford","ACC",15.8,20,16,37.7,85,24.5,2.6,0,0,0,0,0
2017,"Virginia Tech","ACC",14.3,21,71,27.8,120,14.4,0.9,0,0,0,0,0
2017,"UCF","Big 12",14.1,22,6,40.5,65,26.9,0.4,0,0,0,0,0
2017,"Michigan State","Big Ten",13.8,23,72,27.7,118,15.1,1.2,0,0,0,0,0
2017,"NC State","ACC",12.9,24,15,38,91,23.3,-1.9,0,0,0,0,0
2017,"Utah","Big 12",12,25,53,30.6,101,20.5,1.9,0,0,0,0,0
2017,"Ole Miss","SEC",11.6,26,10,38.9,53,28.8,1.6,0,0,0,0,0
2017,"Northwestern","Big Ten",11.2,27,59,28.8,112,17.4,-0.3,0,0,0,0,0
2017,"Missouri","SEC",11.1,28,24,35.5,68,26.4,2,0,0,0,0,0
2017,"Kansas State","Big 12",10.9,29,32,34.4,70,26.1,2.6,0,0,0,0,0
2017,"Texas","SEC",10.6,30,80,26.7,115,16.3,0.2,0,0,0,0,0
2017,"Wake Forest","ACC",10.5,31,21,35.7,78,25.1,0,0,0,0,0,0
2017,"South Florida","American Athletic",10.2,32,47,31.6,100,21.2,-0.2,0,0,0,0,0
2017,"Indiana","Big Ten",10.2,32,63,28.6,104,20.2,1.8,0,0,0,0,0
2017,"Florida","SEC",10.1,34,51,30.8,96,22.4,1.7,0,0,0,0,0
2017,"Iowa","Big Ten",9.8,35,69,28.4,108,19.4,0.8,0,0,0,0,0
2017,"Texas A&M","SEC",9.4,36,38,33.1,77,25.2,1.5,0,0,0,0,0
2017,"Oregon","Big Ten",9.1,37,28,35,78,25.1,-0.7,0,0,0,0,0
2017,"Boise State","Mountain West",9.1,37,63,28.6,101,20.5,1,0,0,0,0,0
2017,"Georgia Tech","ACC",8.9,39,29,34.9,78,25.1,-0.9,0,0,0,0,0
2017,"Washington State","Pac-12",8.6,40,50,30.9,97,22.1,-0.3,0,0,0,0,0
2017,"South Carolina","SEC",7.8,41,69,28.4,107,19.7,-0.8,0,0,0,0,0
2017,"Memphis","American Athletic",7.8,41,17,37.6,42,30.6,0.7,0,0,0,0,0
2017,"Houston","Big 12",7.7,43,41,32.3,72,25.8,1.3,0,0,0,0,0
2017,"Iowa State","Big 12",7.5,44,13,38.2,41,30.7,0,0,0,0,0,0
2017,"Toledo","Mid-American",6.6,45,44,32.2,74,25.7,0.1,0,0,0,0,0
2017,"Duke","ACC",6.1,46,87,25.5,109,19.2,-0.2,0,0,0,0,0
2017,"Pittsburgh","ACC",6,47,48,31.4,81,25,-0.4,0,0,0,0,0
2017,"Purdue","Big Ten",5.8,48,63,28.6,97,22.1,-0.7,0,0,0,0,0
2017,"West Virginia","Big 12",5.6,49,36,33.6,64,27.2,-0.8,0,0,0,0,0
2017,"Florida Atlantic","American Athletic",5.1,50,30,34.7,40,31.3,1.8,0,0,0,0,0
2017,"UCLA","Big Ten",4.9,51,9,39.3,25,34.5,0.1,0,0,0,0,0
2017,"Texas Tech","Big 12",4.8,52,32,34.4,57,28.3,-1.3,0,0,0,0,0
2017,"Boston College","ACC",4.6,53,89,25.2,106,19.9,-0.7,0,0,0,0,0
2017,"San Diego State","Mountain West",4.5,54,67,28.5,83,24.8,0.9,0,0,0,0,0
2017,"North Carolina","ACC",4.3,55,56,29.3,71,25.9,0.9,0,0,0,0,0
2017,"Syracuse","ACC",4,56,56,29.3,63,27.3,2,0,0,0,0,0
2017,"Colorado State","Mountain West",3.9,57,31,34.6,32,32.7,2,0,0,0,0,0
2017,"App State","Sun Belt",3.8,58,55,29.5,83,24.8,-0.9,0,0,0,0,0
2017,"Arizona","Big 12",3.7,59,14,38.1,28,33.9,-0.5,0,0,0,0,0
2017,"Ohio","Mid-American",3.3,60,44,32.2,42,30.6,1.7,0,0,0,0,0
2017,"Kentucky","SEC",2.7,61,51,30.8,49,29.5,1.5,0,0,0,0,0
2017,"Nebraska","Big Ten",2.5,62,85,25.6,89,23.7,0.6,0,0,0,0,0
2017,"Arkansas","SEC",2.1,63,34,34.1,38,31.8,-0.2,0,0,0,0,0
2017,"Colorado","Big 12",2,64,54,30.3,45,30.1,1.8,0,0,0,0,0
2017,"Troy","Sun Belt",1.6,65,73,27.5,90,23.5,-2.4,0,0,0,0,0
2017,"Arkansas State","Sun Belt",1.5,66,56,29.3,54,28.6,0.8,0,0,0,0,0
2017,"Tennessee","SEC",1.2,67,83,25.8,74,25.7,1.1,0,0,0,0,0
2017,"Arizona State","Big 12",1,68,35,33.9,30,33.1,0.2,0,0,0,0,0
2017,"Virginia","ACC",0.8,69,91,25,91,23.3,-0.9,0,0,0,0,0
2017,"Vanderbilt","SEC",0.6,70,41,32.3,50,29,-2.6,0,0,0,0,0
2017,"Temple","American Athletic",0.5,71,90,25.1,87,24.1,-0.5,0,0,0,0,0
2017,"Minnesota","Big Ten",0.4,72,100,23.9,97,22.1,-1.4,0,0,0,0,0
2017,"Navy","American Athletic",-0.7,73,39,32.5,36,32.1,-1.2,0,0,0,0,0
2017,"California","ACC",-1,74,62,28.7,47,29.9,0.3,0,0,0,0,0
2017,"Baylor","Big 12",-1.4,75,78,26.9,50,29,0.6,0,0,0,0,0
2017,"Northern Illinois","Mid-American",-1.4,75,111,21,101,20.5,-1.9,0,0,0,0,0
2017,"Miami (OH)","Mid-American",-2.2,77,96,24.2,65,26.9,0.6,0,0,0,0,0
2017,"Western Michigan","Mid-American",-2.4,78,84,25.7,56,28.4,0.4,0,0,0,0,0
2017,"UTSA","American Athletic",-2.5,79,117,18.7,95,22.5,1.3,0,0,0,0,0
2017,"Wyoming","Mountain West",-2.5,79,114,19.7,93,23.1,0.9,0,0,0,0,0
2017,"Fresno State","Mountain West",-2.7,81,105,22.3,76,25.5,0.5,0,0,0,0,0
2017,"SMU","ACC",-2.9,82,25,35.4,18,37.4,-0.9,0,0,0,0,0
2017,"Utah State","Mountain West",-3.3,83,95,24.4,62,28,0.3,0,0,0,0,0
2017,"Southern Miss","Sun Belt",-3.4,84,92,24.9,57,28.3,0,0,0,0,0,0
2017,"Marshall","Sun Belt",-4.5,85,115,19.4,88,23.9,0.1,0,0,0,0,0
2017,"North Texas","American Athletic",-4.5,85,63,28.6,26,34.3,1.2,0,0,0,0,0
2017,"Maryland","Big Ten",-4.5,85,80,26.7,57,28.3,-2.9,0,0,0,0,0
2017,"Western Kentucky","Conference USA",-4.9,88,87,25.5,46,30,-0.4,0,0,0,0,0
2017,"Middle Tennessee","Conference USA",-4.9,88,110,21.2,67,26.8,0.6,0,0,0,0,0
2017,"Army","American Athletic",-5.3,90,46,32.1,22,35,-2.5,0,0,0,0,0
2017,"Eastern Michigan","Mid-American",-5.3,90,106,22,68,26.4,-1,0,0,0,0,0
2017,"Rutgers","Big Ten",-5.5,92,101,23.3,50,29,0.2,0,0,0,0,0
2017,"Louisiana Tech","Conference USA",-5.5,92,79,26.8,32,32.7,0.4,0,0,0,0,0
2017,"Tulane","American Athletic",-5.7,94,67,28.5,22,35,0.9,0,0,0,0,0
2017,"Cincinnati","Big 12",-6.4,95,101,23.3,60,28.2,-1.4,0,0,0,0,0
2017,"Illinois","Big Ten",-7.4,96,107,21.6,47,29.9,0.9,0,0,0,0,0
2017,"BYU","Big 12",-7.4,96,119,18.6,72,25.8,-0.3,0,0,0,0,0
2017,"Central Michigan","Mid-American",-8.6,98,109,21.4,60,28.2,-1.9,0,0,0,0,0
2017,"New Mexico State","Conference USA",-9.4,99,94,24.5,34,32.6,-1.3,0,0,0,0,0
2017,"Massachusetts","FBS Independents",-9.7,100,97,24.1,37,31.9,-1.8,0,0,0,0,0
2017,"Bowling Green","Mid-American",-10,101,73,27.5,12,38.9,1.4,0,0,0,0,0
2017,"Florida International","Conference USA",-10.4,102,99,24,22,35,0.7,0,0,0,0,0
2017,"Tulsa","American Athletic",-10.7,103,76,27.3,14,37.8,-0.2,0,0,0,0,0
2017,"Air Force","Mountain West",-11,104,59,28.8,7,40.5,0.7,0,0,0,0,0
2017,"Buffalo","Mid-American",-11.2,105,92,24.9,28,33.9,-2.2,0,0,0,0,0
2017,"South Alabama","Sun Belt",-12,106,120,18.3,39,31.4,1.1,0,0,0,0,0
2017,"New Mexico","Mountain West",-12.4,107,112,20.8,27,34.2,0.9,0,0,0,0,0
2017,"Idaho","Big Sky",-12.4,107,117,18.7,44,30.2,-0.8,0,0,0,0,0
2017,"Oregon State","Pac-12",-12.6,109,59,28.8,9,39.9,-1.5,0,0,0,0,0
2017,"UL Monroe","Sun Belt",-12.9,110,41,32.3,1,45.5,0.3,0,0,0,0,0
2017,"East Carolina","American Athletic",-14,111,77,27.2,3,41.8,0.5,0,0,0,0,0
2017,"Georgia State","Sun Belt",-14,111,122,17,54,28.6,-2.4,0,0,0,0,0
2017,"UNLV","Mountain West",-14.5,113,82,26.2,10,39.8,-0.9,0,0,0,0,0
2017,"Kansas","Big 12",-14.8,114,107,21.6,20,36.7,0.4,0,0,0,0,0
2017,"Louisiana","Sun Belt",-15.8,115,73,27.5,2,42.9,-0.4,0,0,0,0,0
2017,"Georgia Southern","Sun Belt",-15.8,115,120,18.3,21,35.5,1.4,0,0,0,0,0
2017,"Nevada","Mountain West",-16.4,117,85,25.6,4,41.1,-0.9,0,0,0,0,0
2017,"Old Dominion","Sun Belt",-16.8,118,123,16.3,31,32.8,-0.3,0,0,0,0,0
2017,"Akron","Mid-American",-17.6,119,97,24.1,11,39.6,-2.2,0,0,0,0,0
2017,"UConn","FBS Independents",-19.2,120,104,22.4,6,40.7,-0.9,0,0,0,0,0
2017,"Ball State","Mid-American",-19.7,121,113,20.3,15,37.7,-2.3,0,0,0,0,0
2017,"Hawai'i","Mountain West",-19.7,121,101,23.3,8,40.4,-2.6,0,0,0,0,0
2017,"San José State","Mountain West",-20,123,124,15.2,17,37.5,2.3,0,0,0,0,0
2017,"Kent State","Mid-American",-20.2,124,126,14.3,35,32.4,-2.1,0,0,0,0,0
2017,"Texas State","Sun Belt",-23.5,125,125,14.7,19,36.9,-1.3,0,0,0,0,0
2017,"Rice","American Athletic",-23.6,126,116,19.2,5,40.9,-1.9,0,0,0,0,0
2017,"Charlotte","American Athletic",-26.1,127,127,13.7,15,37.7,-2.1,0,0,0,0,0
2017,"UTEP","Conference USA",-27.4,128,128,12.8,13,38.7,-1.5,0,0,0,0,0
2017,"nationalAverages","Unknown",1.66953125,65,65,28.9046875,65,27.23515625,0.00234375,1,1,1,1,0
2018,"Alabama","SEC",36.3,1,2,50.9,123,14.2,-0.4,0,0,0,0,0
2018,"Georgia","SEC",32.9,2,3,45.9,123,14.2,1.3,0,0,0,0,0
2018,"Clemson","ACC",29.7,3,5,43,128,12.6,-0.6,0,0,0,0,0
2018,"Oklahoma","SEC",24.9,4,1,54,47,30,1,0,0,0,0,0
2018,"LSU","SEC",24.2,5,30,34.8,126,13.4,2.7,0,0,0,0,0
2018,"Ohio State","Big Ten",24.1,6,4,44.4,105,21.2,0.8,0,0,0,0,0
2018,"Auburn","SEC",23.6,7,19,36.9,125,14.1,0.7,0,0,0,0,0
2018,"Mississippi State","SEC",23.2,8,32,34.6,130,10.5,-0.9,0,0,0,0,0
2018,"Florida","SEC",23,9,15,38.6,114,17.4,1.7,0,0,0,0,0
2018,"Michigan","Big Ten",22,10,25,35.5,122,14.3,0.9,0,0,0,0,0
2018,"Texas A&M","SEC",21.6,11,10,40.3,110,19.8,1.1,0,0,0,0,0
2018,"Missouri","SEC",20.8,12,8,41.3,106,21,0.5,0,0,0,0,0
2018,"Notre Dame","FBS Independents",20.7,13,32,34.6,121,14.5,0.6,0,0,0,0,0
2018,"Washington","Big Ten",19.9,14,34,34.5,127,12.7,-1.9,0,0,0,0,0
2018,"Penn State","Big Ten",19,15,35,33.9,120,14.6,-0.3,0,0,0,0,0
2018,"Fresno State","Mountain West",17.4,16,37,33.5,119,15.5,-0.6,0,0,0,0,0
2018,"Utah","Big 12",16.8,17,45,31.9,112,18.1,3,0,0,0,0,0
2018,"UCF","Big 12",16.5,18,11,39.9,84,25.2,1.8,0,0,0,0,0
2018,"Wisconsin","Big Ten",15.5,19,12,39.3,101,21.6,-2.3,0,0,0,0,0
2018,"South Carolina","SEC",14.9,20,21,36.4,91,23.6,2,0,0,0,0,0
2018,"Utah State","Mountain West",14.2,21,22,36.3,96,22.5,0.4,0,0,0,0,0
2018,"Oklahoma State","Big 12",13.8,22,7,42,59,28.9,0.7,0,0,0,0,0
2018,"Iowa","Big Ten",13.3,23,54,30.3,113,17.7,0.7,0,0,0,0,0
2018,"West Virginia","Big 12",13.2,24,9,41.1,55,29.2,1.3,0,0,0,0,0
2018,"Kentucky","SEC",13.1,25,63,29.5,116,16.3,-0.1,0,0,0,0,0
2018,"Stanford","ACC",13,26,26,35.4,88,24.3,1.8,0,0,0,0,0
2018,"Miami","ACC",12.7,27,66,29.3,117,15.8,-0.8,0,0,0,0,0
2018,"Boise State","Mountain West",12.2,28,18,37.1,92,22.8,-2,0,0,0,0,0
2018,"App State","Sun Belt",11.9,29,56,30,111,19,1,0,0,0,0,0
2018,"Michigan State","Big Ten",11.5,30,111,22,129,10.8,0.3,0,0,0,0,0
2018,"Texas","SEC",11.3,31,27,35.3,86,24.4,0.4,0,0,0,0,0
2018,"Washington State","Pac-12",11.3,31,13,38.8,72,27.3,-0.2,0,0,0,0,0
2018,"Ole Miss","SEC",9.8,33,6,42.1,40,31.2,-1.2,0,0,0,0,0
2018,"USC","Big Ten",9.7,34,46,31.7,96,22.5,0.5,0,0,0,0,0
2018,"NC State","ACC",9.4,35,29,35.1,77,26.7,1.1,0,0,0,0,0
2018,"Memphis","American Athletic",9.2,36,13,38.8,44,30.5,0.8,0,0,0,0,0
2018,"Texas Tech","Big 12",8.7,37,23,36.2,50,29.8,2.4,0,0,0,0,0
2018,"Iowa State","Big 12",7.9,38,57,29.9,103,21.5,-0.4,0,0,0,0,0
2018,"Vanderbilt","SEC",7.6,39,24,35.6,74,27.1,-0.9,0,0,0,0,0
2018,"Syracuse","ACC",7.5,40,44,32.1,71,27.4,2.8,0,0,0,0,0
2018,"Oregon","Big Ten",7.3,41,31,34.7,81,25.8,-1.7,0,0,0,0,0
2018,"Virginia","ACC",7.1,42,61,29.7,100,22,-0.6,0,0,0,0,0
2018,"TCU","Big 12",6.9,43,91,25.7,115,16.9,-1.8,0,0,0,0,0
2018,"Purdue","Big Ten",6.5,44,17,37.2,43,30.8,0,0,0,0,0,0
2018,"Minnesota","Big Ten",6.3,45,75,28.2,92,22.8,1,0,0,0,0,0
2018,"BYU","Big 12",6.2,46,72,28.9,98,22.3,-0.4,0,0,0,0,0
2018,"San Diego State","Mountain West",6,47,92,25.6,106,21,1.4,0,0,0,0,0
2018,"Tennessee","SEC",5.5,48,38,33.4,59,28.9,1,0,0,0,0,0
2018,"Nebraska","Big Ten",5.4,49,42,32.7,76,26.9,-0.4,0,0,0,0,0
2018,"Cincinnati","Big 12",5.4,49,74,28.3,95,22.6,-0.4,0,0,0,0,0
2018,"Arizona State","Big 12",5,51,35,33.9,45,30.4,1.5,0,0,0,0,0
2018,"Duke","ACC",5,51,52,30.5,85,25,-0.5,0,0,0,0,0
2018,"Arkansas","SEC",4.5,53,61,29.7,82,25.7,0.5,0,0,0,0,0
2018,"Ohio","Mid-American",4,54,16,38.2,24,35,0.8,0,0,0,0,0
2018,"Virginia Tech","ACC",3.9,55,41,32.8,54,29.4,0.4,0,0,0,0,0
2018,"California","ACC",3.9,55,118,18.3,118,15.6,1.2,0,0,0,0,0
2018,"Wake Forest","ACC",3.6,57,48,31.2,67,28.1,0.5,0,0,0,0,0
2018,"Arizona","Big 12",3.6,57,43,32.3,57,29,0.3,0,0,0,0,0
2018,"Maryland","Big Ten",3,59,80,27.6,80,25.9,1.3,0,0,0,0,0
2018,"Temple","American Athletic",2.9,60,76,28.1,89,23.9,-1.3,0,0,0,0,0
2018,"Pittsburgh","ACC",2.7,61,71,29,78,26.6,0.4,0,0,0,0,0
2018,"Troy","Sun Belt",2.6,62,89,26.4,83,25.6,1.8,0,0,0,0,0
2018,"Boston College","ACC",2.4,63,87,26.5,99,22.1,-1.9,0,0,0,0,0
2018,"Houston","Big 12",2.3,64,20,36.7,25,34.9,0.6,0,0,0,0,0
2018,"North Texas","American Athletic",2.1,65,67,29.2,53,29.5,2.4,0,0,0,0,0
2018,"Baylor","Big 12",2,66,39,33.1,46,30.3,-0.8,0,0,0,0,0
2018,"Toledo","Mid-American",2,66,28,35.2,28,34.4,1.1,0,0,0,0,0
2018,"Wyoming","Mountain West",1.9,68,95,25.1,90,23.7,0.4,0,0,0,0,0
2018,"Northwestern","Big Ten",1.9,68,93,25.5,101,21.6,-2,0,0,0,0,0
2018,"Indiana","Big Ten",1.6,70,55,30.2,56,29.1,0.4,0,0,0,0,0
2018,"Florida State","ACC",1.4,71,97,25,92,22.8,-0.8,0,0,0,0,0
2018,"Arkansas State","Sun Belt",1.2,72,57,29.9,69,27.9,-0.8,0,0,0,0,0
2018,"Marshall","Sun Belt",1,73,111,22,109,20.5,-0.5,0,0,0,0,0
2018,"Georgia Tech","ACC",0.3,74,40,33,31,33.9,1.2,0,0,0,0,0
2018,"UAB","American Athletic",-0.3,75,104,24.1,86,24.4,0,0,0,0,0,0
2018,"UCLA","Big Ten",-0.4,76,50,30.7,34,32.4,1.3,0,0,0,0,0
2018,"Nevada","Mountain West",-0.5,77,82,27.5,68,28,0.1,0,0,0,0,0
2018,"Kansas State","Big 12",-0.5,77,84,27.2,70,27.5,-0.2,0,0,0,0,0
2018,"Miami (OH)","Mid-American",-0.7,79,90,26.2,65,28.4,1.5,0,0,0,0,0
2018,"Colorado","Big 12",-0.7,79,85,27,73,27.2,-0.5,0,0,0,0,0
2018,"Florida Atlantic","American Athletic",-0.8,81,49,30.8,48,29.9,-1.8,0,0,0,0,0
2018,"Buffalo","Mid-American",-1.1,82,47,31.3,48,29.9,-2.5,0,0,0,0,0
2018,"South Florida","American Athletic",-1.2,83,69,29.1,50,29.8,-0.5,0,0,0,0,0
2018,"Army","American Athletic",-1.5,84,65,29.4,61,28.7,-2.2,0,0,0,0,0
2018,"Air Force","Mountain West",-1.8,85,67,29.2,40,31.2,0.2,0,0,0,0,0
2018,"Eastern Michigan","Mid-American",-2,86,93,25.5,79,26.1,-1.5,0,0,0,0,0
2018,"Georgia Southern","Sun Belt",-2.4,87,78,27.9,39,31.6,1.4,0,0,0,0,0
2018,"North Carolina","ACC",-2.5,88,57,29.9,36,31.9,-0.5,0,0,0,0,0
2018,"Northern Illinois","Mid-American",-2.7,89,117,19.1,108,20.8,-1,0,0,0,0,0
2018,"Tulane","American Athletic",-3.5,90,106,23.8,66,28.3,0.9,0,0,0,0,0
2018,"Middle Tennessee","Conference USA",-3.8,91,103,24.4,61,28.7,0.5,0,0,0,0,0
2018,"Southern Miss","Sun Belt",-5,92,122,16.6,104,21.4,-0.3,0,0,0,0,0
2018,"SMU","ACC",-5.4,93,105,24,52,29.7,0.3,0,0,0,0,0
2018,"Louisiana","Sun Belt",-6.9,94,52,30.5,14,38.9,1.5,0,0,0,0,0
2018,"Louisiana Tech","Conference USA",-6.9,94,111,22,75,27,-1.8,0,0,0,0,0
2018,"Florida International","Conference USA",-7.4,96,86,26.7,26,34.7,0.6,0,0,0,0,0
2018,"Illinois","Big Ten",-7.9,97,69,29.1,16,38.6,1.5,0,0,0,0,0
2018,"Louisville","ACC",-9.1,98,101,24.5,32,33.6,0,0,0,0,0,0
2018,"New Mexico","Mountain West",-9.5,99,106,23.8,22,35.7,2.4,0,0,0,0,0
2018,"Kansas","Big 12",-10,100,114,21.9,36,31.9,0,0,0,0,0,0
2018,"Navy","American Athletic",-10.2,101,82,27.5,17,38.3,0.6,0,0,0,0,0
2018,"Colorado State","Mountain West",-10.3,102,80,27.6,21,36.7,-1.2,0,0,0,0,0
2018,"Hawai'i","Mountain West",-10.4,103,63,29.5,13,39.5,-0.4,0,0,0,0,0
2018,"Western Michigan","Mid-American",-10.7,104,60,29.8,19,37.4,-3.1,0,0,0,0,0
2018,"UL Monroe","Sun Belt",-10.9,105,87,26.5,23,35.4,-2,0,0,0,0,0
2018,"UNLV","Mountain West",-11.1,106,50,30.7,14,38.9,-2.9,0,0,0,0,0
2018,"Tulsa","American Athletic",-11.2,107,109,22.9,35,32.3,-1.7,0,0,0,0,0
2018,"Rutgers","Big Ten",-12.3,108,123,15,64,28.5,1.2,0,0,0,0,0
2018,"Old Dominion","Sun Belt",-14.1,109,98,24.9,12,39.7,0.7,0,0,0,0,0
2018,"East Carolina","American Athletic",-14.9,110,118,18.3,30,34.2,1,0,0,0,0,0
2018,"Oregon State","Pac-12",-16,111,73,28.8,5,43.4,-1.3,0,0,0,0,0
2018,"Massachusetts","FBS Independents",-16.1,112,79,27.8,7,42.2,-1.7,0,0,0,0,0
2018,"Western Kentucky","Conference USA",-16.1,112,120,17.9,38,31.8,-2.2,0,0,0,0,0
2018,"Texas State","Sun Belt",-16.4,114,126,14.9,57,29,-2.2,0,0,0,0,0
2018,"San José State","Mountain West",-17.1,115,121,17.3,26,34.7,0.2,0,0,0,0,0
2018,"Coastal Carolina","Sun Belt",-17.2,116,76,28.1,2,45.7,0.4,0,0,0,0,0
2018,"South Alabama","Sun Belt",-17.7,117,101,24.5,8,42,-0.3,0,0,0,0,0
2018,"Charlotte","American Athletic",-18.5,118,123,15,33,33.5,0,0,0,0,0,0
2018,"Ball State","Mid-American",-18.9,119,110,22.5,11,40.2,-1.2,0,0,0,0,0
2018,"Akron","Mid-American",-19.3,120,128,11.9,42,31,-0.2,0,0,0,0,0
2018,"Liberty","Conference USA",-19.7,121,95,25.1,9,41.7,-3.1,0,0,0,0,0
2018,"Central Michigan","Mid-American",-20,122,130,9,61,28.7,-0.3,0,0,0,0,0
2018,"New Mexico State","Conference USA",-20.2,123,116,19.2,18,38,-1.4,0,0,0,0,0
2018,"Kent State","Mid-American",-20.4,124,115,20.5,10,40.3,-0.6,0,0,0,0,0
2018,"Georgia State","Sun Belt",-20.4,124,108,23.6,4,43.6,-0.4,0,0,0,0,0
2018,"Bowling Green","Mid-American",-22,126,99,24.7,3,43.9,-2.8,0,0,0,0,0
2018,"UTSA","American Athletic",-22.1,127,129,11.1,28,34.4,1.2,0,0,0,0,0
2018,"Rice","American Athletic",-26.4,128,123,15,6,42.5,1.1,0,0,0,0,0
2018,"UConn","FBS Independents",-26.4,128,99,24.7,1,51.9,0.9,0,0,0,0,0
2018,"UTEP","Conference USA",-26.6,130,127,12.1,20,37.1,-1.6,0,0,0,0,0
2018,"nationalAverages","Unknown",1.44307692307692,65,65,29.3476923076923,65,27.9069230769231,0.000769230769230769,1,1,1,1,0
2019,"Ohio State","Big Ten",35.4,1,4,44.4,129,10.6,1.6,0,0,0,0,0
2019,"LSU","SEC",33.1,2,1,48.9,111,17.7,1.9,0,0,0,0,0
2019,"Alabama","SEC",32.4,3,2,47.7,127,14.6,-0.7,0,0,0,0,0
2019,"Clemson","ACC",28.1,4,5,43.5,127,14.6,-0.7,0,0,0,0,0
2019,"Georgia","SEC",26.8,5,32,34.2,130,10,2.6,0,0,0,0,0
2019,"Penn State","Big Ten",24.3,6,13,37.5,121,15.7,2.5,0,0,0,0,0
2019,"Florida","SEC",24,7,11,37.8,123,15.5,1.7,0,0,0,0,0
2019,"Oklahoma","SEC",22.9,8,3,46.1,84,24.9,1.7,0,0,0,0,0
2019,"Auburn","SEC",21,9,34,33.9,126,14.9,2,0,0,0,0,0
2019,"Michigan","Big Ten",20.7,10,21,35.7,119,16,1,0,0,0,0,0
2019,"Wisconsin","Big Ten",20.3,11,12,37.7,117,16.4,-0.9,0,0,0,0,0
2019,"Utah","Big 12",19.5,12,16,36.5,115,17,-0.1,0,0,0,0,0
2019,"Minnesota","Big Ten",19.4,13,7,39.8,105,19.6,-0.7,0,0,0,0,0
2019,"UCF","Big 12",19.1,14,14,37.3,110,18.1,-0.1,0,0,0,0,0
2019,"Oregon","Big Ten",19,15,22,35.6,123,15.5,-1.1,0,0,0,0,0
2019,"Washington","Big Ten",18.3,16,24,35.3,106,19.5,2.5,0,0,0,0,0
2019,"Memphis","American Athletic",18,17,8,39.5,92,23.4,1.9,0,0,0,0,0
2019,"Baylor","Big 12",17.8,18,27,34.7,113,17.3,0.5,0,0,0,0,0
2019,"Notre Dame","FBS Independents",17.7,19,20,35.8,109,18.5,0.4,0,0,0,0,0
2019,"Iowa","Big Ten",16.7,20,53,30,125,15.2,1.8,0,0,0,0,0
2019,"Texas A&M","SEC",15,21,33,34,108,19.4,0.5,0,0,0,0,0
2019,"USC","Big Ten",13.1,22,9,39,72,26.7,0.8,0,0,0,0,0
2019,"Indiana","Big Ten",12.8,23,22,35.6,89,23.8,1,0,0,0,0,0
2019,"Iowa State","Big 12",12.6,24,42,31.8,106,19.5,0.3,0,0,0,0,0
2019,"Air Force","Mountain West",12.1,25,17,36.2,77,25.8,1.7,0,0,0,0,0
2019,"Texas","SEC",12,26,10,38.7,64,28.5,1.8,0,0,0,0,0
2019,"App State","Sun Belt",11.3,27,31,34.3,94,23.2,0.2,0,0,0,0,0
2019,"Washington State","Pac-12",11.1,28,6,41.7,36,33.1,2.4,0,0,0,0,0
2019,"Tennessee","SEC",10.8,29,73,27.8,112,17.4,0.3,0,0,0,0,0
2019,"North Carolina","ACC",10.3,30,25,35.1,87,24.6,-0.3,0,0,0,0,0
2019,"Navy","American Athletic",9.9,31,18,36,79,25.5,-0.7,0,0,0,0,0
2019,"Louisiana","Sun Belt",9.6,32,15,36.7,65,28.3,1.1,0,0,0,0,0
2019,"Miami","ACC",9.6,32,80,26,122,15.6,-0.9,0,0,0,0,0
2019,"Cincinnati","Big 12",9.1,34,64,29.1,99,21.1,1.1,0,0,0,0,0
2019,"Kentucky","SEC",9.1,34,49,30.1,97,22.2,1.2,0,0,0,0,0
2019,"Oklahoma State","Big 12",8.7,36,26,35,74,26.2,-0.1,0,0,0,0,0
2019,"Boise State","Mountain West",8.1,37,38,32.9,82,25,0.2,0,0,0,0,0
2019,"Virginia Tech","ACC",8,38,54,29.9,93,23.3,1.4,0,0,0,0,0
2019,"Missouri","SEC",7.8,39,89,24.5,114,17.1,0.4,0,0,0,0,0
2019,"Tulane","American Athletic",7.5,40,36,33.1,76,25.9,0.3,0,0,0,0,0
2019,"Michigan State","Big Ten",7.2,41,91,24.4,118,16.1,-1.1,0,0,0,0,0
2019,"TCU","Big 12",6.7,42,65,28.8,96,22.9,0.8,0,0,0,0,0
2019,"Arizona State","Big 12",6.3,43,72,28,91,23.7,2,0,0,0,0,0
2019,"Virginia","ACC",6.3,43,47,30.4,80,25.2,1.2,0,0,0,0,0
2019,"Kansas State","Big 12",6,45,65,28.8,85,24.8,2,0,0,0,0,0
2019,"South Carolina","SEC",4.8,46,98,23.4,101,20.8,2.2,0,0,0,0,0
2019,"SMU","ACC",4.4,47,29,34.6,65,28.3,-1.9,0,0,0,0,0
2019,"Pittsburgh","ACC",4.1,48,109,20.4,119,16,-0.3,0,0,0,0,0
2019,"Ohio","Mid-American",3.7,49,19,35.9,34,33.5,1.2,0,0,0,0,0
2019,"Mississippi State","SEC",3.5,50,36,33.1,62,28.7,-0.9,0,0,0,0,0
2019,"Temple","American Athletic",3.2,51,87,24.6,101,20.8,-0.6,0,0,0,0,0
2019,"Ole Miss","SEC",2.9,52,67,28.6,89,23.8,-1.9,0,0,0,0,0
2019,"Texas Tech","Big 12",2.7,53,39,32.5,48,31.2,1.4,0,0,0,0,0
2019,"Nebraska","Big Ten",2.6,54,40,32.2,68,27.4,-2.2,0,0,0,0,0
2019,"Wake Forest","ACC",2,55,60,29.4,63,28.6,1.1,0,0,0,0,0
2019,"San Diego State","Mountain West",2,55,122,16.6,116,16.6,2,0,0,0,0,0
2019,"Florida State","ACC",1.8,57,48,30.2,71,27.1,-1.3,0,0,0,0,0
2019,"Western Kentucky","Conference USA",1.7,58,96,23.6,99,21.1,-0.7,0,0,0,0,0
2019,"BYU","Big 12",1.3,59,67,28.6,74,26.2,-1.2,0,0,0,0,0
2019,"Illinois","Big Ten",0.6,60,91,24.4,77,25.8,2,0,0,0,0,0
2019,"Louisville","ACC",0.2,61,29,34.6,31,33.6,-0.8,0,0,0,0,0
2019,"Louisiana Tech","Conference USA",0.2,61,84,25.3,82,25,0,0,0,0,0,0
2019,"Florida Atlantic","American Athletic",-0.6,63,67,28.6,57,29.5,0.2,0,0,0,0,0
2019,"Oregon State","Pac-12",-0.7,64,35,33.8,38,32.8,-1.7,0,0,0,0,0
2019,"Purdue","Big Ten",-0.7,64,45,30.8,49,31,-0.4,0,0,0,0,0
2019,"Wyoming","Mountain West",-1.1,66,108,20.5,98,21.7,0.1,0,0,0,0,0
2019,"UAB","American Athletic",-1.4,67,118,18.3,103,20.2,0.5,0,0,0,0,0
2019,"Duke","ACC",-1.8,68,112,19.7,95,23,1.5,0,0,0,0,0
2019,"Marshall","Sun Belt",-1.9,69,94,23.8,73,26.6,0.8,0,0,0,0,0
2019,"Hawai'i","Mountain West",-1.9,69,27,34.7,18,35.8,-0.9,0,0,0,0,0
2019,"Buffalo","Mid-American",-2,71,85,25,87,24.6,-2.4,0,0,0,0,0
2019,"Army","American Athletic",-2.1,72,67,28.6,51,30.4,-0.4,0,0,0,0,0
2019,"Tulsa","American Athletic",-2.5,73,87,24.6,80,25.2,-2,0,0,0,0,0
2019,"Liberty","Conference USA",-2.6,74,62,29.3,45,32,0.1,0,0,0,0,0
2019,"California","ACC",-2.6,74,94,23.8,86,24.7,-1.7,0,0,0,0,0
2019,"Arkansas State","Sun Belt",-2.9,76,49,30.1,28,34.2,1.3,0,0,0,0,0
2019,"Syracuse","ACC",-3,77,89,24.5,56,29.6,2.1,0,0,0,0,0
2019,"UCLA","Big Ten",-3.9,78,71,28.4,41,32.5,0.2,0,0,0,0,0
2019,"Colorado State","Mountain West",-3.9,78,79,26.1,53,30.1,0.1,0,0,0,0,0
2019,"Fresno State","Mountain West",-4,80,46,30.6,31,33.6,-1.1,0,0,0,0,0
2019,"Colorado","Big 12",-4.1,81,49,30.1,26,34.7,0.5,0,0,0,0,0
2019,"Utah State","Mountain West",-4.3,82,77,26.2,49,31,0.5,0,0,0,0,0
2019,"Houston","Big 12",-4.3,82,56,29.6,19,35.4,1.5,0,0,0,0,0
2019,"Central Michigan","Mid-American",-4.4,84,80,26,60,29,-1.4,0,0,0,0,0
2019,"Troy","Sun Belt",-4.4,84,40,32.2,19,35.4,-1.3,0,0,0,0,0
2019,"Georgia Southern","Sun Belt",-4.5,86,101,22.2,68,27.4,0.7,0,0,0,0,0
2019,"Ball State","Mid-American",-4.5,86,59,29.5,39,32.6,-1.4,0,0,0,0,0
2019,"Stanford","ACC",-4.7,88,74,27.2,44,32.2,0.3,0,0,0,0,0
2019,"Southern Miss","Sun Belt",-4.8,89,96,23.6,67,27.7,-0.7,0,0,0,0,0
2019,"Western Michigan","Mid-American",-4.9,90,56,29.6,41,32.5,-2,0,0,0,0,0
2019,"Northwestern","Big Ten",-5.5,91,123,16.5,104,20,-2,0,0,0,0,0
2019,"Boston College","ACC",-5.7,92,44,31.3,19,35.4,-1.6,0,0,0,0,0
2019,"North Texas","American Athletic",-6.1,93,85,25,39,32.6,1.4,0,0,0,0,0
2019,"Charlotte","American Athletic",-6.3,94,54,29.9,24,35.1,-1.1,0,0,0,0,0
2019,"NC State","ACC",-6.3,94,102,22,55,29.7,1.4,0,0,0,0,0
2019,"Maryland","Big Ten",-6.3,94,76,26.3,52,30.3,-2.4,0,0,0,0,0
2019,"Florida International","Conference USA",-7,97,102,22,58,29.4,0.4,0,0,0,0,0
2019,"West Virginia","Big 12",-7,97,100,22.9,59,29.1,-0.8,0,0,0,0,0
2019,"San José State","Mountain West",-7.2,99,56,29.6,15,36.7,-0.1,0,0,0,0,0
2019,"Arizona","Big 12",-8,100,49,30.1,16,36.1,-2.1,0,0,0,0,0
2019,"Eastern Michigan","Mid-American",-8.6,101,62,29.3,13,37.8,-0.1,0,0,0,0,0
2019,"Miami (OH)","Mid-American",-9.2,102,111,19.8,54,30,0.9,0,0,0,0,0
2019,"Kansas","Big 12",-9.8,103,77,26.2,25,34.8,-1.2,0,0,0,0,0
2019,"South Florida","American Athletic",-9.8,103,109,20.4,68,27.4,-2.7,0,0,0,0,0
2019,"Kent State","Mid-American",-10.2,105,82,25.9,12,37.9,1.8,0,0,0,0,0
2019,"Vanderbilt","SEC",-10.4,106,104,21.8,31,33.6,1.4,0,0,0,0,0
2019,"Georgia State","Sun Belt",-10.5,107,60,29.4,9,38.4,-1.4,0,0,0,0,0
2019,"Arkansas","SEC",-10.6,108,105,21.7,43,32.3,0,0,0,0,0,0
2019,"UL Monroe","Sun Belt",-10.7,109,43,31.5,4,40.8,-1.4,0,0,0,0,0
2019,"Middle Tennessee","Conference USA",-11.3,110,74,27.2,14,37.4,-1.1,0,0,0,0,0
2019,"Georgia Tech","ACC",-12,111,117,18.8,61,28.9,-1.9,0,0,0,0,0
2019,"Nevada","Mountain West",-12.3,112,113,19.4,46,31.9,0.3,0,0,0,0,0
2019,"Coastal Carolina","Sun Belt",-12.8,113,98,23.4,22,35.3,-0.9,0,0,0,0,0
2019,"Toledo","Mid-American",-13.7,114,83,25.6,9,38.4,-0.8,0,0,0,0,0
2019,"Northern Illinois","Mid-American",-13.9,115,106,20.7,28,34.2,-0.4,0,0,0,0,0
2019,"East Carolina","American Athletic",-14,116,93,24,11,38.1,0.2,0,0,0,0,0
2019,"Rutgers","Big Ten",-14.6,117,121,17.4,47,31.8,-0.3,0,0,0,0,0
2019,"Texas State","Sun Belt",-16.2,118,120,17.6,37,33,-0.9,0,0,0,0,0
2019,"New Mexico","Mountain West",-17,119,107,20.6,8,39.2,1.6,0,0,0,0,0
2019,"UNLV","Mountain West",-17.4,120,114,19.3,16,36.1,-0.6,0,0,0,0,0
2019,"Rice","American Athletic",-18,121,127,15.1,35,33.2,0.1,0,0,0,0,0
2019,"South Alabama","Sun Belt",-20.3,122,124,16.3,30,34,-2.6,0,0,0,0,0
2019,"New Mexico State","Conference USA",-22,123,115,19,5,40.3,-0.6,0,0,0,0,0
2019,"UTSA","American Athletic",-23.7,124,116,18.9,3,41.7,-0.9,0,0,0,0,0
2019,"Old Dominion","Sun Belt",-24.4,125,129,10.6,27,34.3,-0.7,0,0,0,0,0
2019,"UConn","FBS Independents",-24.4,125,125,16.2,6,39.7,-1,0,0,0,0,0
2019,"UTEP","Conference USA",-25.6,127,119,18,2,43.5,-0.1,0,0,0,0,0
2019,"Bowling Green","Mid-American",-27.5,128,128,14.9,7,39.5,-2.9,0,0,0,0,0
2019,"Akron","Mid-American",-29.8,129,130,7.7,22,35.3,-2.2,0,0,0,0,0
2019,"Massachusetts","FBS Independents",-34.6,130,126,15.3,1,49.3,-0.5,0,0,0,0,0
2019,"nationalAverages","Unknown",0.759541984732824,65,65,28.3480916030534,65,27.5992366412214,0.00534351145038168,1,1,1,1,0
2020,"Ohio State","Big Ten",28.4,1,2,45.3,122,16.7,0.1,0,0,0,0,1
2020,"Alabama","SEC",28.3,2,1,46.8,119,18.6,0.1,0,0,0,0,1
2020,"Wisconsin","Big Ten",26.5,3,9,38.7,129,12.2,0.1,0,0,0,0,1
2020,"Clemson","ACC",26.1,4,6,42.6,122,16.7,0.1,0,0,0,0,1
2020,"Notre Dame","FBS Independents",21,5,10,38.3,120,17.3,0.1,0,0,0,0,1
2020,"Florida","SEC",19.8,6,4,43.3,97,23.9,0.1,0,0,0,0,1
2020,"BYU","Big 12",19.2,7,8,39.2,111,20.3,0.1,0,0,0,0,1
2020,"Georgia","SEC",19.1,8,44,30.8,130,12.1,0.1,0,0,0,0,1
2020,"Cincinnati","Big 12",18.6,9,24,34.5,125,15.9,0.1,0,0,0,0,1
2020,"Oregon","Big Ten",18.1,10,20,35.1,121,16.9,0.1,0,0,0,0,1
2020,"North Carolina","ACC",18,11,3,43.7,81,25.6,0.1,0,0,0,0,1
2020,"Oklahoma","SEC",17.8,12,5,43,88,25.2,0.1,0,0,0,0,1
2020,"Iowa","Big Ten",16.3,13,55,29.7,128,13.5,0.1,0,0,0,0,1
2020,"Texas A&M","SEC",16.2,14,15,37.7,106,21.5,0.1,0,0,0,0,1
2020,"Oklahoma State","Big 12",14.2,15,45,30.7,122,16.7,0.1,0,0,0,0,1
2020,"Penn State","Big Ten",13.9,16,21,35,108,21,0.1,0,0,0,0,1
2020,"Virginia Tech","ACC",13.7,17,12,38,93,24.4,0.1,0,0,0,0,1
2020,"UCF","Big 12",13.6,18,7,39.4,80,25.7,0.1,0,0,0,0,1
2020,"Iowa State","Big 12",13.3,19,24,34.5,107,21.1,0.1,0,0,0,0,1
2020,"Miami","ACC",12.8,20,38,32.6,112,20.2,0.1,0,0,0,0,1
2020,"Auburn","SEC",12.6,21,34,33,109,20.7,0.1,0,0,0,0,1
2020,"USC","Big Ten",12.4,22,12,38,85,25.5,0.1,0,0,0,0,1
2020,"Utah","Big 12",11.9,23,18,36.1,94,24.3,0.1,0,0,0,0,1
2020,"Washington","Big Ten",11.7,24,43,30.9,114,19.1,0.1,0,0,0,0,1
2020,"Arizona State","Big 12",11.4,25,50,30.2,116,18.9,0.1,0,0,0,0,1
2020,"Indiana","Big Ten",11.2,26,31,33.6,102,22.6,0.1,0,0,0,0,1
2020,"Michigan","Big Ten",10.7,27,34,33,105,22.2,0.1,0,0,0,0,1
2020,"App State","Sun Belt",10.3,28,34,33,102,22.6,0.1,0,0,0,0,1
2020,"Texas","SEC",9.7,29,22,34.8,88,25.2,0.1,0,0,0,0,1
2020,"Marshall","Sun Belt",9.5,30,64,28.6,115,19,0.1,0,0,0,0,1
2020,"SMU","ACC",9.2,31,17,36.4,70,27.3,0.1,0,0,0,0,1
2020,"Northwestern","Big Ten",9,32,99,24,126,15.2,0.1,0,0,0,0,1
2020,"West Virginia","Big 12",8.5,33,72,27.9,113,19.4,0.1,0,0,0,0,1
2020,"Louisiana","Sun Belt",8.1,34,27,33.8,81,25.6,0.1,0,0,0,0,1
2020,"Nebraska","Big Ten",7.7,35,29,33.7,78,25.9,0.1,0,0,0,0,1
2020,"Boise State","Mountain West",6.7,36,33,33.1,77,26.4,0.1,0,0,0,0,1
2020,"Coastal Carolina","Sun Belt",6.6,37,29,33.7,70,27.3,0.1,0,0,0,0,1
2020,"Louisville","ACC",6.5,38,15,37.7,44,31.1,0.1,0,0,0,0,1
2020,"Liberty","Conference USA",6.5,38,26,34.2,67,27.6,0.1,0,0,0,0,1
2020,"UAB","American Athletic",6.3,40,89,24.7,118,18.7,0.1,0,0,0,0,1
2020,"LSU","SEC",6,41,27,33.8,62,28.3,0.1,0,0,0,0,1
2020,"Pittsburgh","ACC",6,41,89,24.7,116,18.9,0.1,0,0,0,0,1
2020,"Purdue","Big Ten",5.9,43,38,32.6,74,26.8,0.1,0,0,0,0,1
2020,"Memphis","American Athletic",5.7,44,22,34.8,57,29.4,0.1,0,0,0,0,1
2020,"Tulsa","American Athletic",5.6,45,56,29.5,100,23.5,0.1,0,0,0,0,1
2020,"San Diego State","Mountain West",5.3,46,114,20.2,127,15,0.1,0,0,0,0,1
2020,"Ole Miss","SEC",4.8,47,11,38.1,32,33.2,0.1,0,0,0,0,1
2020,"Minnesota","Big Ten",4.7,48,19,35.8,45,30.7,0.1,0,0,0,0,1
2020,"Washington State","Pac-12",4.2,49,14,37.8,28,33.7,0.1,0,0,0,0,1
2020,"Tulane","American Athletic",4.2,49,32,33.2,59,29.1,0.1,0,0,0,0,1
2020,"Houston","Big 12",3.3,51,40,32.2,60,29,0.1,0,0,0,0,1
2020,"Army","American Athletic",2.7,52,73,27.8,87,25.3,0.1,0,0,0,0,1
2020,"California","ACC",2.4,53,47,30.6,63,28.2,0.1,0,0,0,0,1
2020,"Troy","Sun Belt",2.3,54,67,28.4,79,25.8,0.1,0,0,0,0,1
2020,"Kentucky","SEC",2.2,55,85,25.9,96,24.1,0.1,0,0,0,0,1
2020,"Kansas State","Big 12",2,56,81,26.7,91,24.7,0.1,0,0,0,0,1
2020,"Nevada","Mountain West",1.9,57,75,27.5,81,25.6,0.1,0,0,0,0,1
2020,"TCU","Big 12",1.6,58,93,24.3,101,22.8,0.1,0,0,0,0,1
2020,"Arkansas","SEC",1.6,58,66,28.5,75,26.7,0.1,0,0,0,0,1
2020,"Stanford","ACC",1.6,58,52,30,61,28.4,0.1,0,0,0,0,1
2020,"Buffalo","Mid-American",1.4,61,79,27.1,81,25.6,0.1,0,0,0,0,1
2020,"Baylor","Big 12",1.3,62,86,25.6,95,24.2,0.1,0,0,0,0,1
2020,"Tennessee","SEC",0.9,63,93,24.3,99,23.6,0.1,0,0,0,0,1
2020,"Virginia","ACC",0.9,63,69,28.3,68,27.5,0.1,0,0,0,0,1
2020,"Boston College","ACC",0.9,63,45,30.7,54,29.7,0.1,0,0,0,0,1
2020,"Wake Forest","ACC",0.8,66,64,28.6,65,27.9,0.1,0,0,0,0,1
2020,"Western Michigan","Mid-American",0.6,67,41,31.6,43,31.2,0.1,0,0,0,0,1
2020,"Georgia Southern","Sun Belt",0.2,68,77,27.4,72,27.1,0.1,0,0,0,0,1
2020,"San José State","Mountain West",0.1,69,49,30.4,47,30.4,0.1,0,0,0,0,1
2020,"NC State","ACC",0,70,54,29.8,50,30,0.1,0,0,0,0,1
2020,"Maryland","Big Ten",-0.1,71,73,27.8,64,28,0.1,0,0,0,0,1
2020,"Florida Atlantic","American Athletic",-0.3,72,105,23.2,98,23.7,0.1,0,0,0,0,1
2020,"Colorado","Big 12",-0.4,73,51,30.1,47,30.4,0.1,0,0,0,0,1
2020,"Oregon State","Pac-12",-0.7,74,58,29.4,50,30,0.1,0,0,0,0,1
2020,"Missouri","SEC",-1,75,103,23.4,92,24.6,0.1,0,0,0,0,1
2020,"Georgia Tech","ACC",-1,75,78,27.2,66,27.8,0.1,0,0,0,0,1
2020,"UCLA","Big Ten",-1.1,77,47,30.6,39,31.7,0.1,0,0,0,0,1
2020,"Mississippi State","SEC",-1.4,78,88,25.4,73,26.9,0.1,0,0,0,0,1
2020,"Central Michigan","Mid-American",-1.8,79,86,25.6,69,27.4,0.1,0,0,0,0,1
2020,"South Carolina","SEC",-2.4,80,75,27.5,54,29.7,0.1,0,0,0,0,1
2020,"Michigan State","Big Ten",-2.4,80,119,18.3,110,20.6,0.1,0,0,0,0,1
2020,"Wyoming","Mountain West",-2.5,82,107,22.4,90,24.9,0.1,0,0,0,0,1
2020,"Ohio","Mid-American",-3.2,83,53,29.9,33,33,0.1,0,0,0,0,1
2020,"Western Kentucky","Conference USA",-3.2,83,117,18.9,104,22.3,0.1,0,0,0,0,1
2020,"Arizona","Big 12",-3.5,85,37,32.8,14,36.4,0.1,0,0,0,0,1
2020,"Toledo","Mid-American",-3.6,86,56,29.5,33,33,0.1,0,0,0,0,1
2020,"Texas Tech","Big 12",-4.2,87,67,28.4,37,32.3,0.1,0,0,0,0,1
2020,"Duke","ACC",-4.2,87,111,21.4,85,25.5,0.1,0,0,0,0,1
2020,"Florida State","ACC",-4.9,89,82,26.4,42,31.3,0.1,0,0,0,0,1
2020,"Illinois","Big Ten",-5.4,90,100,23.9,57,29.4,0.1,0,0,0,0,1
2020,"Fresno State","Mountain West",-5.5,91,60,29.3,22,34.8,0.1,0,0,0,0,1
2020,"Air Force","Mountain West",-5.6,92,98,24.1,53,29.8,0.1,0,0,0,0,1
2020,"Georgia State","Sun Belt",-5.7,93,63,28.7,25,34.2,0.1,0,0,0,0,1
2020,"Arkansas State","Sun Belt",-6.5,94,42,31.1,9,37.2,0.1,0,0,0,0,1
2020,"Colorado State","Mountain West",-6.5,94,96,24.2,46,30.5,0.1,0,0,0,0,1
2020,"Charlotte","American Athletic",-6.6,96,58,29.4,17,35.8,0.1,0,0,0,0,1
2020,"Ball State","Mid-American",-6.7,97,80,27,27,33.8,0.1,0,0,0,0,1
2020,"Louisiana Tech","Conference USA",-7,98,91,24.4,41,31.4,0.1,0,0,0,0,1
2020,"Hawai'i","Mountain West",-7.1,99,71,28.2,20,35.2,0.1,0,0,0,0,1
2020,"Kent State","Mid-American",-7.5,100,61,29.1,14,36.4,0.1,0,0,0,0,1
2020,"Southern Miss","Sun Belt",-7.9,101,96,24.2,38,32.1,0.1,0,0,0,0,1
2020,"North Texas","American Athletic",-8,102,62,28.9,13,36.7,0.1,0,0,0,0,1
2020,"Rice","American Athletic",-9.2,103,124,17.3,76,26.5,0.1,0,0,0,0,1
2020,"Navy","American Athletic",-9.3,104,83,26.2,19,35.4,0.1,0,0,0,0,1
2020,"UTSA","American Athletic",-9.6,105,101,23.8,28,33.7,0.1,0,0,0,0,1
2020,"Syracuse","ACC",-9.8,106,114,20.2,49,30.3,0.1,0,0,0,0,1
2020,"Temple","American Athletic",-10,107,104,23.3,33,33,0.1,0,0,0,0,1
2020,"Rutgers","Big Ten",-10.5,108,112,20.8,40,31.5,0.1,0,0,0,0,1
2020,"Florida International","Conference USA",-10.7,109,109,21.6,36,32.4,0.1,0,0,0,0,1
2020,"East Carolina","American Athletic",-11,110,84,26,10,37.1,0.1,0,0,0,0,1
2020,"South Alabama","Sun Belt",-11.3,111,106,22.5,28,33.7,0.1,0,0,0,0,1
2020,"South Florida","American Athletic",-11.4,112,120,18.2,56,29.5,0.1,0,0,0,0,1
2020,"Middle Tennessee","Conference USA",-11.7,113,93,24.3,17,35.8,0.1,0,0,0,0,1
2020,"Eastern Michigan","Mid-American",-12.2,114,69,28.3,4,40.5,0.1,0,0,0,0,1
2020,"Miami (OH)","Mid-American",-12.9,115,113,20.7,31,33.6,0.1,0,0,0,0,1
2020,"Texas State","Sun Belt",-13.4,116,102,23.5,12,36.9,0.1,0,0,0,0,1
2020,"New Mexico","Mountain West",-15,117,91,24.4,7,39.3,0.1,0,0,0,0,1
2020,"Old Dominion","Sun Belt",-15.9,118,127,14,52,29.9,0.1,0,0,0,0,1
2020,"Kansas","Big 12",-16.3,119,118,18.5,23,34.5,0.1,0,0,0,0,1
2020,"Utah State","Mountain West",-16.7,120,114,20.2,11,37,0.1,0,0,0,0,1
2020,"Vanderbilt","SEC",-16.8,121,122,17.7,26,34.1,0.1,0,0,0,0,1
2020,"Northern Illinois","Mid-American",-18.4,122,126,16,23,34.5,0.1,0,0,0,0,1
2020,"UL Monroe","Sun Belt",-18.4,122,109,21.6,6,39.6,0.1,0,0,0,0,1
2020,"UTEP","Conference USA",-18.6,124,121,17.9,16,36.2,0.1,0,0,0,0,1
2020,"UNLV","Mountain West",-19.7,125,108,22,3,41.5,0.1,0,0,0,0,1
2020,"UConn","FBS Independents",-22.3,126,122,17.7,5,40,0.1,0,0,0,0,1
2020,"Akron","Mid-American",-23.7,127,130,11.4,21,35.1,0.1,0,0,0,0,1
2020,"Bowling Green","Mid-American",-26.2,128,128,12.8,8,39,0.1,0,0,0,0,1
2020,"Massachusetts","FBS Independents",-31.3,129,125,16.7,1,47.8,0.1,0,0,0,0,1
2020,"New Mexico State","Conference USA",-31.5,130,129,12.2,2,43.8,0.1,0,0,0,0,1
2020,"nationalAverages","Unknown",0.482442748091603,65,65,28.4687022900763,65,27.9885496183206,0.1,1,1,1,1,1
2021,"Georgia","SEC",32,1,2,41.4,130,10.3,0.1,0,0,0,0,1
2021,"Ohio State","Big Ten",29.3,2,1,47.2,111,20.6,0.1,0,0,0,0,1
2021,"Alabama","SEC",26,3,4,40.9,122,15.6,0.1,0,0,0,0,1
2021,"Michigan","Big Ten",23.4,4,19,36.5,121,15.8,0.1,0,0,0,0,1
2021,"Cincinnati","Big 12",21.2,5,13,37.5,120,15.9,0.1,0,0,0,0,1
2021,"Texas A&M","SEC",21.1,6,35,33.6,124,14.9,0.1,0,0,0,0,1
2021,"Wisconsin","Big Ten",20.1,7,58,29.8,129,10.8,0.1,0,0,0,0,1
2021,"Clemson","ACC",18.7,8,71,28.3,128,11.6,0.1,0,0,0,0,1
2021,"Pittsburgh","ACC",17.6,9,9,38.2,102,21.4,0.1,0,0,0,0,1
2021,"Tennessee","SEC",17.5,10,7,39.4,84,23.8,0.1,0,0,0,0,1
2021,"Notre Dame","FBS Independents",17.4,11,20,36.2,116,18.9,0.1,0,0,0,0,1
2021,"Oklahoma State","Big 12",17.2,12,53,30.6,127,14.3,0.1,0,0,0,0,1
2021,"Oklahoma","SEC",16.8,13,3,41.1,73,25.6,0.1,0,0,0,0,1
2021,"NC State","ACC",16.1,14,39,33.1,117,17.7,0.1,0,0,0,0,1
2021,"Baylor","Big 12",15.6,15,39,33.1,118,17.1,0.1,0,0,0,0,1
2021,"Utah","Big 12",15.2,16,14,37.2,109,20.7,0.1,0,0,0,0,1
2021,"Ole Miss","SEC",14.8,17,17,36.8,95,22.4,0.1,0,0,0,0,1
2021,"Minnesota","Big Ten",14.4,18,63,29.3,123,15.4,0.1,0,0,0,0,1
2021,"Penn State","Big Ten",14.3,19,72,28,125,14.6,0.1,0,0,0,0,1
2021,"Iowa State","Big 12",14.3,19,34,33.8,112,20.2,0.1,0,0,0,0,1
2021,"Kansas State","Big 12",14.2,21,36,33.5,115,19,0.1,0,0,0,0,1
2021,"Arkansas","SEC",13.8,22,31,34.3,103,21.3,0.1,0,0,0,0,1
2021,"Kentucky","SEC",13.4,23,21,35.1,96,22.3,0.1,0,0,0,0,1
2021,"Western Kentucky","Conference USA",13.3,24,5,40.5,41,28.8,0.1,0,0,0,0,1
2021,"Coastal Carolina","Sun Belt",13.2,25,6,39.5,69,26.1,0.1,0,0,0,0,1
2021,"Arizona State","Big 12",11.8,26,36,33.5,107,20.9,0.1,0,0,0,0,1
2021,"Iowa","Big Ten",11.4,27,93,23.6,126,14.4,0.1,0,0,0,0,1
2021,"Michigan State","Big Ten",11.2,28,31,34.3,100,21.7,0.1,0,0,0,0,1
2021,"Florida","SEC",11,29,22,35,92,23.2,0.1,0,0,0,0,1
2021,"Auburn","SEC",11,29,56,30.2,114,19.8,0.1,0,0,0,0,1
2021,"Houston","Big 12",10.9,31,51,31.5,113,20,0.1,0,0,0,0,1
2021,"Miami","ACC",10.8,32,25,34.8,78,25,0.1,0,0,0,0,1
2021,"Fresno State","Mountain West",10.8,32,27,34.7,81,24.2,0.1,0,0,0,0,1
2021,"Mississippi State","SEC",10.5,34,28,34.6,97,22,0.1,0,0,0,0,1
2021,"App State","Sun Belt",10.3,35,49,32,87,23.5,0.1,0,0,0,0,1
2021,"Purdue","Big Ten",10.3,35,44,32.6,106,21.1,0.1,0,0,0,0,1
2021,"Nebraska","Big Ten",10.3,35,33,34.1,103,21.3,0.1,0,0,0,0,1
2021,"Oregon","Big Ten",10.2,38,22,35,70,26,0.1,0,0,0,0,1
2021,"Wake Forest","ACC",10.1,39,10,38,39,29.2,0.1,0,0,0,0,1
2021,"Texas Tech","Big 12",9.8,40,28,34.6,60,27.1,0.1,0,0,0,0,1
2021,"UCLA","Big Ten",9.4,41,12,37.7,54,27.8,0.1,0,0,0,0,1
2021,"Boise State","Mountain West",9.4,41,69,28.4,108,20.8,0.1,0,0,0,0,1
2021,"UAB","American Athletic",9.1,43,47,32.1,100,21.7,0.1,0,0,0,0,1
2021,"SMU","ACC",8.9,44,18,36.7,60,27.1,0.1,0,0,0,0,1
2021,"Oregon State","Pac-12",8.9,44,16,36.9,43,28.5,0.1,0,0,0,0,1
2021,"BYU","Big 12",8.9,44,14,37.2,51,27.9,0.1,0,0,0,0,1
2021,"Louisiana","Sun Belt",8.7,47,54,30.3,105,21.2,0.1,0,0,0,0,1
2021,"Texas","SEC",8.5,48,28,34.6,45,28.4,0.1,0,0,0,0,1
2021,"Liberty","Conference USA",8.4,49,47,32.1,93,23.1,0.1,0,0,0,0,1
2021,"San Diego State","Mountain West",8.3,50,92,23.7,118,17.1,0.1,0,0,0,0,1
2021,"Marshall","Sun Belt",8,51,43,32.8,87,23.5,0.1,0,0,0,0,1
2021,"Louisville","ACC",7.8,52,24,34.9,67,26.6,0.1,0,0,0,0,1
2021,"Florida State","ACC",7.6,53,58,29.8,94,23,0.1,0,0,0,0,1
2021,"Air Force","Mountain West",7.4,54,57,30,97,22,0.1,0,0,0,0,1
2021,"Virginia","ACC",7.2,55,8,39.3,31,31.5,0.1,0,0,0,0,1
2021,"Toledo","Mid-American",6.9,56,65,29,109,20.7,0.1,0,0,0,0,1
2021,"Washington State","Pac-12",6.7,57,49,32,70,26,0.1,0,0,0,0,1
2021,"UTSA","American Athletic",6.5,58,42,33,54,27.8,0.1,0,0,0,0,1
2021,"North Carolina","ACC",6.4,59,11,37.8,30,31.7,0.1,0,0,0,0,1
2021,"Maryland","Big Ten",6.2,60,25,34.8,57,27.4,0.1,0,0,0,0,1
2021,"Tulsa","American Athletic",5.8,61,67,28.7,83,24,0.1,0,0,0,0,1
2021,"UCF","Big 12",4.8,62,60,29.6,91,23.4,0.1,0,0,0,0,1
2021,"Army","American Athletic",4.7,63,66,28.8,87,23.5,0.1,0,0,0,0,1
2021,"Illinois","Big Ten",4.3,64,98,23.2,99,21.8,0.1,0,0,0,0,1
2021,"LSU","SEC",4.1,65,72,28,73,25.6,0.1,0,0,0,0,1
2021,"South Carolina","SEC",3.9,66,86,26,81,24.2,0.1,0,0,0,0,1
2021,"Nevada","Mountain West",3.6,67,54,30.3,63,26.9,0.1,0,0,0,0,1
2021,"California","ACC",3.4,68,77,27.5,78,25,0.1,0,0,0,0,1
2021,"Missouri","SEC",3.1,69,52,31.1,34,29.9,0.1,0,0,0,0,1
2021,"Virginia Tech","ACC",2.4,70,85,26.7,75,25.2,0.1,0,0,0,0,1
2021,"Georgia State","Sun Belt",1.8,71,77,27.5,65,26.7,0.1,0,0,0,0,1
2021,"West Virginia","Big 12",1.8,71,75,27.7,78,25,0.1,0,0,0,0,1
2021,"Miami (OH)","Mid-American",1.5,73,63,29.3,64,26.8,0.1,0,0,0,0,1
2021,"Memphis","American Athletic",1,74,60,29.6,51,27.9,0.1,0,0,0,0,1
2021,"Boston College","ACC",0.9,75,83,27,68,26.5,0.1,0,0,0,0,1
2021,"Wyoming","Mountain West",0.6,76,86,26,87,23.5,0.1,0,0,0,0,1
2021,"Western Michigan","Mid-American",0.6,76,39,33.1,40,29,0.1,0,0,0,0,1
2021,"East Carolina","American Athletic",0.5,78,79,27.4,47,28.3,0.1,0,0,0,0,1
2021,"Syracuse","ACC",0.3,79,81,27.1,75,25.2,0.1,0,0,0,0,1
2021,"Utah State","Mountain West",0.1,80,69,28.4,51,27.9,0.1,0,0,0,0,1
2021,"USC","Big Ten",-0.6,81,45,32.3,25,33.4,0.1,0,0,0,0,1
2021,"TCU","Big 12",-0.6,81,38,33.2,22,33.9,0.1,0,0,0,0,1
2021,"Washington","Big Ten",-0.7,83,101,22.8,86,23.6,0.1,0,0,0,0,1
2021,"Central Michigan","Mid-American",-1,84,68,28.5,38,29.3,0.1,0,0,0,0,1
2021,"San José State","Mountain West",-1.9,85,102,22.6,75,25.2,0.1,0,0,0,0,1
2021,"Hawai'i","Mountain West",-2.3,86,81,27.1,33,30.1,0.1,0,0,0,0,1
2021,"Colorado State","Mountain West",-2.4,87,97,23.3,72,25.9,0.1,0,0,0,0,1
2021,"Rutgers","Big Ten",-3,88,109,20.8,85,23.7,0.1,0,0,0,0,1
2021,"Tulane","American Athletic",-3.9,89,74,27.9,32,30.4,0.1,0,0,0,0,1
2021,"Middle Tennessee","Conference USA",-4,90,90,24,60,27.1,0.1,0,0,0,0,1
2021,"UTEP","Conference USA",-4.2,91,91,23.9,47,28.3,0.1,0,0,0,0,1
2021,"Florida Atlantic","American Athletic",-5.2,92,99,23.1,45,28.4,0.1,0,0,0,0,1
2021,"Kent State","Mid-American",-6.4,93,45,32.3,10,36.9,0.1,0,0,0,0,1
2021,"North Texas","American Athletic",-6.5,94,99,23.1,43,28.5,0.1,0,0,0,0,1
2021,"Troy","Sun Belt",-6.5,94,114,20.1,65,26.7,0.1,0,0,0,0,1
2021,"Georgia Tech","ACC",-6.7,96,83,27,28,32.4,0.1,0,0,0,0,1
2021,"Northern Illinois","Mid-American",-7.1,97,62,29.4,15,36.1,0.1,0,0,0,0,1
2021,"South Alabama","Sun Belt",-7.2,98,106,21.4,49,28,0.1,0,0,0,0,1
2021,"Old Dominion","Sun Belt",-7.4,99,107,21.2,49,28,0.1,0,0,0,0,1
2021,"Eastern Michigan","Mid-American",-7.8,100,80,27.2,9,37.2,0.1,0,0,0,0,1
2021,"Indiana","Big Ten",-7.8,100,112,20.4,58,27.3,0.1,0,0,0,0,1
2021,"Navy","American Athletic",-8.5,102,115,20,56,27.7,0.1,0,0,0,0,1
2021,"Buffalo","Mid-American",-9.5,103,89,24.6,26,33.1,0.1,0,0,0,0,1
2021,"Colorado","Big 12",-10,104,120,18.8,37,29.6,0.1,0,0,0,0,1
2021,"Stanford","ACC",-10.2,105,104,22.2,24,33.6,0.1,0,0,0,0,1
2021,"Northwestern","Big Ten",-11.1,106,118,19.4,58,27.3,0.1,0,0,0,0,1
2021,"Ball State","Mid-American",-11.2,107,105,21.6,23,33.7,0.1,0,0,0,0,1
2021,"Louisiana Tech","Conference USA",-11.6,108,93,23.6,19,34.4,0.1,0,0,0,0,1
2021,"Ohio","Mid-American",-11.6,108,88,25.1,17,35.2,0.1,0,0,0,0,1
2021,"South Florida","American Athletic",-12.1,110,95,23.5,14,36.2,0.1,0,0,0,0,1
2021,"Bowling Green","Mid-American",-12.4,111,125,17.1,35,29.8,0.1,0,0,0,0,1
2021,"Arizona","Big 12",-12.6,112,119,19.2,29,32.3,0.1,0,0,0,0,1
2021,"Duke","ACC",-13.5,113,96,23.4,13,36.3,0.1,0,0,0,0,1
2021,"Charlotte","American Athletic",-13.7,114,76,27.6,4,41.2,0.1,0,0,0,0,1
2021,"UNLV","Mountain West",-13.8,115,116,19.9,27,33,0.1,0,0,0,0,1
2021,"Southern Miss","Sun Belt",-14.2,116,128,15,42,28.6,0.1,0,0,0,0,1
2021,"Georgia Southern","Sun Belt",-15.3,117,121,18.4,21,34,0.1,0,0,0,0,1
2021,"Texas State","Sun Belt",-16,118,110,20.7,10,36.9,0.1,0,0,0,0,1
2021,"Arkansas State","Sun Belt",-17.9,119,108,21,7,40,0.1,0,0,0,0,1
2021,"New Mexico","Mountain West",-18.6,120,130,11.6,35,29.8,0.1,0,0,0,0,1
2021,"Temple","American Athletic",-19.1,121,123,17.5,20,34.1,0.1,0,0,0,0,1
2021,"Vanderbilt","SEC",-19.4,122,124,17.4,16,35.6,0.1,0,0,0,0,1
2021,"Kansas","Big 12",-19.7,123,103,22.3,5,40.6,0.1,0,0,0,0,1
2021,"UL Monroe","Sun Belt",-20.3,124,127,15.6,18,35.1,0.1,0,0,0,0,1
2021,"Florida International","Conference USA",-21.6,125,116,19.9,6,40.2,0.1,0,0,0,0,1
2021,"Rice","American Athletic",-22.9,126,122,18.2,8,38.3,0.1,0,0,0,0,1
2021,"Akron","Mid-American",-23.1,127,113,20.3,3,41.7,0.1,0,0,0,0,1
2021,"New Mexico State","Conference USA",-24.2,128,111,20.6,2,43.7,0.1,0,0,0,0,1
2021,"UConn","FBS Independents",-25.6,129,129,12.7,12,36.8,0.1,0,0,0,0,1
2021,"Massachusetts","FBS Independents",-29.3,130,126,16.1,1,43.9,0.1,0,0,0,0,1
2021,"nationalAverages","Unknown",1.98076923076923,65,65,28.6492307692308,65,26.6746153846154,0.1,1,1,1,1,1
2022,"Georgia","SEC",35.3,1,26,37.2,131,3.7,1.7,0,0,0,0,0
2022,"Michigan","Big Ten",32,2,21,38,128,7.6,1.6,0,0,0,0,0
2022,"Ohio State","Big Ten",31.1,3,4,45.1,116,15.7,1.7,0,0,0,0,0
2022,"Alabama","SEC",30.3,4,8,42.9,120,14.2,1.6,0,0,0,0,0
2022,"Tennessee","SEC",25.2,5,1,47.3,92,22.6,0.4,0,0,0,0,0
2022,"TCU","Big 12",24.3,6,6,43.3,101,20.2,1.2,0,0,0,0,0
2022,"Texas","SEC",23.1,7,20,38.1,118,15.6,0.7,0,0,0,0,0
2022,"Penn State","Big Ten",22.4,8,28,36.6,121,13.9,-0.3,0,0,0,0,0
2022,"Kansas State","Big 12",21.4,9,29,36.4,116,15.7,0.6,0,0,0,0,0
2022,"Utah","Big 12",19.2,10,25,37.3,111,17.3,-0.8,0,0,0,0,0
2022,"USC","Big Ten",18.9,11,2,46.6,68,26.3,-1.4,0,0,0,0,0
2022,"Oregon","Big Ten",18.9,11,5,44.9,66,26.5,0.5,0,0,0,0,0
2022,"Clemson","ACC",17.6,13,33,34.9,105,18.5,1.2,0,0,0,0,0
2022,"LSU","SEC",16.2,14,37,34.2,109,17.6,-0.5,0,0,0,0,0
2022,"Ole Miss","SEC",16.2,14,17,38.8,88,23.7,1.1,0,0,0,0,0
2022,"Minnesota","Big Ten",16,16,90,23.5,127,8.6,1.1,0,0,0,0,0
2022,"Illinois","Big Ten",15.9,17,98,20.6,129,5.5,0.8,0,0,0,0,0
2022,"Washington","Big Ten",15.7,18,12,41.2,75,25.5,0,0,0,0,0,0
2022,"Mississippi State","SEC",15.4,19,32,35.1,102,19.9,0.2,0,0,0,0,0
2022,"Oklahoma","SEC",15.4,19,13,40.8,66,26.5,1,0,0,0,0,0
2022,"UCLA","Big Ten",15,21,3,45.7,47,30.1,-0.7,0,0,0,0,0
2022,"Oregon State","Pac-12",14.3,22,41,33.3,108,17.7,-1.3,0,0,0,0,0
2022,"Florida State","ACC",13.2,23,34,34.8,98,20.4,-1.3,0,0,0,0,0
2022,"Cincinnati","Big 12",13.1,24,62,27.6,115,16.1,1.5,0,0,0,0,0
2022,"Kentucky","SEC",13,25,91,23.2,126,9.9,-0.3,0,0,0,0,0
2022,"Iowa","Big Ten",12.7,26,117,16,130,5.1,1.7,0,0,0,0,0
2022,"South Carolina","SEC",12.7,26,31,36,79,25.2,1.8,0,0,0,0,0
2022,"Tulane","American Athletic",12.4,28,47,32,103,19.7,0.1,0,0,0,0,0
2022,"Arkansas","SEC",12,29,19,38.3,68,26.3,0,0,0,0,0,0
2022,"Baylor","Big 12",11.7,30,22,37.6,71,26.1,0.2,0,0,0,0,0
2022,"Oklahoma State","Big 12",11.3,31,22,37.6,61,27.9,1.6,0,0,0,0,0
2022,"Maryland","Big Ten",11.2,32,39,33.8,87,24.2,1.7,0,0,0,0,0
2022,"South Alabama","Sun Belt",10.8,33,66,26.8,110,17.4,1.4,0,0,0,0,0
2022,"Florida","SEC",10.4,34,15,39.6,52,29.5,0.3,0,0,0,0,0
2022,"UCF","Big 12",10.3,35,55,31.1,99,20.3,-0.6,0,0,0,0,0
2022,"Notre Dame","FBS Independents",10.3,35,56,30.5,96,21.4,1.1,0,0,0,0,0
2022,"Washington State","Pac-12",9.5,37,78,25.1,113,16.7,1.1,0,0,0,0,0
2022,"Texas A&M","SEC",9.1,38,75,25.4,114,16.6,0.3,0,0,0,0,0
2022,"Louisville","ACC",9,39,65,27,104,19.1,1.1,0,0,0,0,0
2022,"Pittsburgh","ACC",8.6,40,43,32.8,81,24.7,0.5,0,0,0,0,0
2022,"Texas Tech","Big 12",8.5,41,18,38.5,45,30.5,0.5,0,0,0,0,0
2022,"Wisconsin","Big Ten",8.3,42,68,25.7,112,17.1,-0.4,0,0,0,0,0
2022,"Wake Forest","ACC",8.2,43,6,43.3,26,35.2,0,0,0,0,0,0
2022,"Missouri","SEC",8.1,44,67,26,107,18.3,0.3,0,0,0,0,0
2022,"Troy","Sun Belt",8.1,44,107,17.7,124,11.2,1.5,0,0,0,0,0
2022,"North Carolina","ACC",7.8,46,11,41.7,28,35,1.1,0,0,0,0,0
2022,"Purdue","Big Ten",7.7,47,49,31.6,93,22.4,-1.5,0,0,0,0,0
2022,"UTSA","American Athletic",7.2,48,16,39.3,39,32.6,0.5,0,0,0,0,0
2022,"NC State","ACC",6.8,49,99,20.4,119,15.3,1.6,0,0,0,0,0
2022,"Memphis","American Athletic",6.8,49,27,37,43,31.8,1.7,0,0,0,0,0
2022,"James Madison","Sun Belt",6.5,51,52,31.3,89,23.6,-1.2,0,0,0,0,0
2022,"Boise State","Mountain West",5.7,52,83,24.1,105,18.5,0.1,0,0,0,0,0
2022,"Iowa State","Big 12",5.3,53,107,17.7,125,10.6,-1.7,0,0,0,0,0
2022,"Auburn","SEC",5.1,54,46,32.6,61,27.9,0.5,0,0,0,0,0
2022,"Duke","ACC",5,55,61,29.4,81,24.7,0.3,0,0,0,0,0
2022,"SMU","ACC",4.7,56,10,42,17,38.1,0.9,0,0,0,0,0
2022,"Houston","Big 12",4.5,57,9,42.5,20,37.7,-0.3,0,0,0,0,0
2022,"Air Force","Mountain West",3.9,58,114,16.3,122,12.3,-0.1,0,0,0,0,0
2022,"Fresno State","Mountain West",3.3,59,64,27.1,84,24.4,0.6,0,0,0,0,0
2022,"Marshall","Sun Belt",3,60,121,15.7,123,11.4,-1.3,0,0,0,0,0
2022,"Kansas","Big 12",2.9,61,14,40.6,24,36,-1.7,0,0,0,0,0
2022,"Syracuse","ACC",2.5,62,63,27.4,81,24.7,-0.1,0,0,0,0,0
2022,"West Virginia","Big 12",2.4,63,30,36.3,31,34.5,0.6,0,0,0,0,0
2022,"Louisiana","Sun Belt",2,64,95,21.7,99,20.3,0.7,0,0,0,0,0
2022,"Western Kentucky","Conference USA",1.7,65,52,31.3,47,30.1,0.5,0,0,0,0,0
2022,"App State","Sun Belt",1.7,65,42,32.9,50,29.8,-1.4,0,0,0,0,0
2022,"Michigan State","Big Ten",1.2,67,48,31.9,51,29.7,-1,0,0,0,0,0
2022,"East Carolina","American Athletic",1.1,68,51,31.5,58,28.7,-1.7,0,0,0,0,0
2022,"Coastal Carolina","Sun Belt",0.6,69,44,32.7,44,30.6,-1.5,0,0,0,0,0
2022,"UAB","American Athletic",-0.5,70,68,25.7,77,25.3,-0.9,0,0,0,0,0
2022,"Nebraska","Big Ten",-1.2,71,74,25.5,74,25.6,-1.2,0,0,0,0,0
2022,"BYU","Big 12",-1.4,72,35,34.3,30,34.8,-0.8,0,0,0,0,0
2022,"North Texas","American Athletic",-1.5,73,52,31.3,33,34.1,1.3,0,0,0,0,0
2022,"Liberty","Conference USA",-1.5,73,83,24.1,76,25.4,-0.2,0,0,0,0,0
2022,"Army","American Athletic",-1.5,73,80,24.6,77,25.3,-0.9,0,0,0,0,0
2022,"Miami","ACC",-2.7,76,81,24.4,57,28.9,1.7,0,0,0,0,0
2022,"California","ACC",-3,77,91,23.2,73,25.9,-0.3,0,0,0,0,0
2022,"Arizona","Big 12",-3.2,78,22,37.6,6,41.1,0.2,0,0,0,0,0
2022,"Georgia State","Sun Belt",-3.3,79,40,33.7,16,38.3,1.4,0,0,0,0,0
2022,"Southern Miss","Sun Belt",-3.5,80,105,18.3,90,22.9,1.1,0,0,0,0,0
2022,"Toledo","Mid-American",-3.7,81,68,25.7,61,27.9,-1.5,0,0,0,0,0
2022,"Arizona State","Big 12",-4.1,82,56,30.5,25,35.7,1.1,0,0,0,0,0
2022,"San José State","Mountain West",-4.3,83,101,19.1,95,21.6,-1.8,0,0,0,0,0
2022,"San Diego State","Mountain West",-4.4,84,122,15.1,97,21.1,1.5,0,0,0,0,0
2022,"Ohio","Mid-American",-4.6,85,49,31.6,26,35.2,-1,0,0,0,0,0
2022,"Vanderbilt","SEC",-4.7,86,58,29.9,36,33.4,-1.2,0,0,0,0,0
2022,"Tulsa","American Athletic",-6.1,87,44,32.7,12,38.5,-0.3,0,0,0,0,0
2022,"Georgia Southern","Sun Belt",-6.4,88,35,34.3,8,40.3,-0.4,0,0,0,0,0
2022,"Middle Tennessee","Conference USA",-6.9,89,71,25.6,37,33.3,0.8,0,0,0,0,0
2022,"Eastern Michigan","Mid-American",-7.1,90,85,24,40,32.4,1.3,0,0,0,0,0
2022,"Florida Atlantic","American Athletic",-7.1,90,81,24.4,46,30.4,-1.1,0,0,0,0,0
2022,"Indiana","Big Ten",-7.1,90,58,29.9,22,36.6,-0.4,0,0,0,0,0
2022,"Navy","American Athletic",-7.2,93,106,18.2,84,24.4,-1.1,0,0,0,0,0
2022,"Stanford","ACC",-7.2,93,71,25.6,32,34.2,1.5,0,0,0,0,0
2022,"Virginia","ACC",-9,95,116,16.2,84,24.4,-0.7,0,0,0,0,0
2022,"Rutgers","Big Ten",-9.1,96,113,16.4,79,25.2,-0.3,0,0,0,0,0
2022,"Buffalo","Mid-American",-9.2,97,79,25,28,35,0.8,0,0,0,0,0
2022,"Virginia Tech","ACC",-9.5,98,125,13.5,91,22.8,-0.3,0,0,0,0,0
2022,"UTEP","Conference USA",-10.7,99,96,20.8,38,32.7,1.2,0,0,0,0,0
2022,"Wyoming","Mountain West",-10.8,100,123,14.9,70,26.2,0.5,0,0,0,0,0
2022,"Texas State","Sun Belt",-11.5,101,109,17.4,52,29.5,0.7,0,0,0,0,0
2022,"Georgia Tech","ACC",-11.8,102,103,18.8,52,29.5,-1.1,0,0,0,0,0
2022,"UNLV","Mountain West",-11.9,103,96,20.8,33,34.1,1.3,0,0,0,0,0
2022,"Miami (OH)","Mid-American",-12.7,104,128,8.6,94,22.1,0.7,0,0,0,0,0
2022,"Temple","American Athletic",-12.9,105,114,16.3,59,28.6,-0.5,0,0,0,0,0
2022,"Old Dominion","Sun Belt",-13,106,111,16.9,55,29.3,-0.6,0,0,0,0,0
2022,"Arkansas State","Sun Belt",-13,106,89,23.7,12,38.5,1.8,0,0,0,0,0
2022,"Kent State","Mid-American",-13.1,108,71,25.6,18,37.9,-0.7,0,0,0,0,0
2022,"Utah State","Mountain West",-13.3,109,75,25.4,12,38.5,-0.2,0,0,0,0,0
2022,"Northwestern","Big Ten",-13.4,110,110,17,59,28.6,-1.7,0,0,0,0,0
2022,"Central Michigan","Mid-American",-14,111,102,19,41,32.2,-0.8,0,0,0,0,0
2022,"UConn","FBS Independents",-14.6,112,124,14.2,61,27.9,-0.9,0,0,0,0,0
2022,"Ball State","Mid-American",-14.9,113,117,16,47,30.1,-0.7,0,0,0,0,0
2022,"Boston College","ACC",-14.9,113,99,20.4,35,33.8,-1.5,0,0,0,0,0
2022,"Rice","American Athletic",-15.2,115,94,23.1,21,36.9,-1.4,0,0,0,0,0
2022,"New Mexico State","Conference USA",-15.4,116,126,12,72,26,-1.4,0,0,0,0,0
2022,"UL Monroe","Sun Belt",-15.7,117,91,23.2,11,39,0.2,0,0,0,0,0
2022,"Charlotte","American Athletic",-16.4,118,85,24,10,39.2,-1.2,0,0,0,0,0
2022,"South Florida","American Athletic",-17,119,38,34.1,1,50.3,-0.8,0,0,0,0,0
2022,"Western Michigan","Mid-American",-17.3,120,127,11.2,65,27.3,-1.1,0,0,0,0,0
2022,"Louisiana Tech","Conference USA",-17.8,121,60,29.6,2,47,-0.4,0,0,0,0,0
2022,"Bowling Green","Mid-American",-18.1,122,88,23.8,7,40.6,-1.2,0,0,0,0,0
2022,"Northern Illinois","Mid-American",-18.8,123,77,25.3,4,43.1,-1,0,0,0,0,0
2022,"Colorado","Big 12",-20.4,124,85,24,3,45,0.7,0,0,0,0,0
2022,"Colorado State","Mountain West",-22.2,125,129,7.8,56,29,-1,0,0,0,0,0
2022,"Nevada","Mountain West",-22.4,126,119,15.9,19,37.8,-0.5,0,0,0,0,0
2022,"Akron","Mid-American",-23.4,127,112,16.7,12,38.5,-1.6,0,0,0,0,0
2022,"Hawai'i","Mountain West",-24.7,128,120,15.8,9,39.4,-1.1,0,0,0,0,0
2022,"Florida International","Conference USA",-25.5,129,104,18.4,5,42.3,-1.6,0,0,0,0,0
2022,"New Mexico","Mountain West",-26.9,130,131,6,42,31.9,-1,0,0,0,0,0
2022,"Massachusetts","FBS Independents",-30.3,131,130,7.5,23,36.4,-1.4,0,0,0,0,0
2022,"nationalAverages","Unknown",0.814503816793893,65,65,27.769465648855,65,26.9595419847328,0.000763358778625954,1,1,1,1,0
2023,"Michigan","Big Ten",31.3,1,12,36.6,133,7.2,1.8,0,0,0,0,0
2023,"Georgia","SEC",31.2,2,4,41.5,129,12.2,1.9,0,0,0,0,0
2023,"Oregon","Big Ten",26.2,3,1,45,118,18.2,-0.5,0,0,0,0,0
2023,"Ohio State","Big Ten",25.2,4,34,31.5,132,7.8,1.5,0,0,0,0,0
2023,"Penn State","Big Ten",23.5,5,29,32.7,130,10.5,1.3,0,0,0,0,0
2023,"Texas","SEC",23.2,6,6,39.3,121,17.7,1.6,0,0,0,0,0
2023,"Alabama","SEC",23.1,7,11,36.8,126,15.6,2,0,0,0,0,0
2023,"Notre Dame","FBS Independents",20.1,8,14,36.3,124,16.7,0.5,0,0,0,0,0
2023,"Florida State","ACC",19.4,9,22,34.1,125,16.5,1.8,0,0,0,0,0
2023,"Missouri","SEC",19.3,10,13,36.5,120,18,0.8,0,0,0,0,0
2023,"LSU","SEC",19.1,11,2,44.6,82,25,-0.5,0,0,0,0,0
2023,"Ole Miss","SEC",18.4,12,14,36.3,111,19.2,1.3,0,0,0,0,0
2023,"Washington","Big Ten",16.4,13,5,40.3,84,24.7,0.8,0,0,0,0,0
2023,"Tennessee","SEC",16.2,14,18,34.9,111,19.2,0.6,0,0,0,0,0
2023,"Kansas State","Big 12",16.2,14,7,38.9,101,21.8,-0.8,0,0,0,0,0
2023,"Texas A&M","SEC",15.6,16,20,34.5,114,18.8,-0.1,0,0,0,0,0
2023,"Oklahoma","SEC",15,17,8,38.5,96,22.6,-1,0,0,0,0,0
2023,"Arizona","Big 12",14.1,18,9,37.3,93,23.1,-0.2,0,0,0,0,0
2023,"Oregon State","Pac-12",12.6,19,26,33.2,98,22.3,1.7,0,0,0,0,0
2023,"James Madison","Sun Belt",11.8,20,19,34.6,91,23.7,1,0,0,0,0,0
2023,"Maryland","Big Ten",11,21,56,28.3,123,17.6,0.4,0,0,0,0,0
2023,"Clemson","ACC",10.5,22,51,29.3,113,19,0.2,0,0,0,0,0
2023,"Kentucky","SEC",10.5,22,33,31.6,100,22.2,1.1,0,0,0,0,0
2023,"SMU","ACC",10.1,24,22,34.1,95,23,-1.1,0,0,0,0,0
2023,"Kansas","Big 12",9.9,25,17,35.6,71,26.1,0.4,0,0,0,0,0
2023,"Troy","Sun Belt",9.8,26,41,30.7,105,20.1,-0.8,0,0,0,0,0
2023,"UCLA","Big Ten",9.7,27,47,29.6,117,18.4,-1.5,0,0,0,0,0
2023,"Miami","ACC",9.6,28,41,30.7,93,23.1,1.9,0,0,0,0,0
2023,"Duke","ACC",9.4,29,63,27.3,109,19.5,1.5,0,0,0,0,0
2023,"USC","Big Ten",9.4,29,3,43.3,28,32.8,-1.2,0,0,0,0,0
2023,"Wisconsin","Big Ten",9.4,29,86,22.2,127,14.1,1.3,0,0,0,0,0
2023,"Utah","Big 12",8.5,32,65,26.7,110,19.4,1.2,0,0,0,0,0
2023,"Louisville","ACC",8,33,46,30.1,98,22.3,0.2,0,0,0,0,0
2023,"Liberty","Conference USA",8,33,16,36.2,69,26.3,-1.9,0,0,0,0,0
2023,"TCU","Big 12",7.9,35,24,33.5,80,25.3,-0.3,0,0,0,0,0
2023,"Auburn","SEC",7.6,36,67,26.4,105,20.1,1.3,0,0,0,0,0
2023,"West Virginia","Big 12",7.5,37,34,31.5,86,24.6,0.5,0,0,0,0,0
2023,"Iowa State","Big 12",7.5,37,67,26.4,105,20.1,1.1,0,0,0,0,0
2023,"NC State","ACC",7.4,39,73,25.5,108,19.7,1.6,0,0,0,0,0
2023,"North Carolina","ACC",7.4,39,21,34.4,56,27.8,0.8,0,0,0,0,0
2023,"Florida","SEC",6.8,41,38,31.1,74,26,1.7,0,0,0,0,0
2023,"Oklahoma State","Big 12",6.7,42,28,32.8,64,27.1,1,0,0,0,0,0
2023,"Texas Tech","Big 12",6.1,43,47,29.6,84,24.7,1.2,0,0,0,0,0
2023,"Air Force","Mountain West",5.9,44,71,25.6,104,20.9,1.2,0,0,0,0,0
2023,"Boise State","Mountain West",5.9,44,29,32.7,52,28.2,1.4,0,0,0,0,0
2023,"Virginia Tech","ACC",5.8,46,62,27.5,92,23.3,1.7,0,0,0,0,0
2023,"Iowa","Big Ten",5.8,46,129,13.8,131,9.3,1.3,0,0,0,0,0
2023,"UTSA","American Athletic",5.4,48,36,31.3,60,27.3,1.4,0,0,0,0,0
2023,"South Alabama","Sun Belt",5.1,49,43,30.6,74,26,0.5,0,0,0,0,0
2023,"Washington State","Pac-12",4.9,50,39,31,58,27.4,1.4,0,0,0,0,0
2023,"South Carolina","SEC",4.3,51,58,28.2,79,25.6,1.7,0,0,0,0,0
2023,"App State","Sun Belt",3.8,52,24,33.5,39,30.7,0.9,0,0,0,0,0
2023,"Toledo","Mid-American",3.7,53,73,25.5,102,21.7,-0.1,0,0,0,0,0
2023,"Arkansas","SEC",3.5,54,56,28.3,68,26.6,1.8,0,0,0,0,0
2023,"Rutgers","Big Ten",3.5,54,97,21,115,18.7,1.2,0,0,0,0,0
2023,"Memphis","American Athletic",3.5,54,10,37.1,23,33.8,0.3,0,0,0,0,0
2023,"UCF","Big 12",3.4,57,45,30.3,81,25.2,-1.7,0,0,0,0,0
2023,"Miami (OH)","Mid-American",2.8,58,111,18.5,121,17.7,2,0,0,0,0,0
2023,"Tulane","American Athletic",2.8,58,66,26.5,87,24.4,0.8,0,0,0,0,0
2023,"Fresno State","Mountain West",2.5,60,52,28.9,54,27.9,1.5,0,0,0,0,0
2023,"UNLV","Mountain West",1.4,61,32,32.1,30,32.7,1.9,0,0,0,0,0
2023,"Mississippi State","SEC",0.5,62,77,24.7,83,24.9,0.7,0,0,0,0,0
2023,"Minnesota","Big Ten",0.4,63,103,20,103,21.1,1.5,0,0,0,0,0
2023,"Louisiana","Sun Belt",0.4,63,31,32.4,27,33.1,1.1,0,0,0,0,0
2023,"Nebraska","Big Ten",0.3,65,123,15.6,128,13.9,-1.4,0,0,0,0,0
2023,"Georgia Tech","ACC",0.3,65,50,29.4,48,29.1,0.1,0,0,0,0,0
2023,"California","ACC",-0.1,67,43,30.6,50,28.7,-2,0,0,0,0,0
2023,"Coastal Carolina","Sun Belt",-1.2,68,61,27.6,61,27.2,-1.6,0,0,0,0,0
2023,"Northwestern","Big Ten",-1.3,69,111,18.5,116,18.5,-1.3,0,0,0,0,0
2023,"Ohio","Mid-American",-1.6,70,111,18.5,119,18.1,-2,0,0,0,0,0
2023,"Texas State","Sun Belt",-1.6,70,37,31.2,23,33.8,0.9,0,0,0,0,0
2023,"Jacksonville State","Conference USA",-1.6,70,76,24.8,77,25.9,-0.6,0,0,0,0,0
2023,"New Mexico State","Conference USA",-1.8,73,83,23.3,78,25.8,0.7,0,0,0,0,0
2023,"Western Kentucky","Conference USA",-2,74,53,28.7,42,30.1,-0.7,0,0,0,0,0
2023,"Illinois","Big Ten",-2.5,75,92,21.6,89,24.1,-0.1,0,0,0,0,0
2023,"BYU","Big 12",-3.3,76,75,25.3,40,30.3,1.7,0,0,0,0,0
2023,"San José State","Mountain West",-3.4,77,60,28.1,46,29.5,-2,0,0,0,0,0
2023,"Wyoming","Mountain West",-3.6,78,81,23.5,71,26.1,-1,0,0,0,0,0
2023,"Army","American Athletic",-4,79,114,18.4,97,22.5,0.1,0,0,0,0,0
2023,"Syracuse","ACC",-4.4,80,86,22.2,71,26.1,-0.5,0,0,0,0,0
2023,"Colorado","Big 12",-4.9,81,47,29.6,19,34.4,-0.1,0,0,0,0,0
2023,"Georgia Southern","Sun Belt",-5.2,82,40,30.8,8,36.5,0.5,0,0,0,0,0
2023,"Boston College","ACC",-5.9,83,86,22.2,57,27.6,-0.5,0,0,0,0,0
2023,"Arkansas State","Sun Belt",-6.3,84,70,25.8,28,32.8,0.7,0,0,0,0,0
2023,"South Florida","American Athletic",-6.6,85,55,28.4,17,34.5,-0.4,0,0,0,0,0
2023,"North Texas","American Athletic",-6.7,86,27,32.9,1,41.3,1.7,0,0,0,0,0
2023,"Cincinnati","Big 12",-6.8,87,96,21.3,51,28.3,0.2,0,0,0,0,0
2023,"Michigan State","Big Ten",-6.8,87,122,15.7,90,24,1.6,0,0,0,0,0
2023,"Georgia State","Sun Belt",-6.8,87,58,28.2,25,33.3,-1.7,0,0,0,0,0
2023,"Purdue","Big Ten",-7.3,90,91,21.8,64,27.1,-2,0,0,0,0,0
2023,"Pittsburgh","ACC",-7.3,90,108,19.3,74,26,-0.6,0,0,0,0,0
2023,"Indiana","Big Ten",-7.4,92,105,19.6,61,27.2,0.3,0,0,0,0,0
2023,"Northern Illinois","Mid-American",-7.5,93,115,18.3,88,24.2,-1.7,0,0,0,0,0
2023,"Bowling Green","Mid-American",-7.8,94,93,21.5,58,27.4,-1.8,0,0,0,0,0
2023,"Houston","Big 12",-7.8,94,71,25.6,32,32.2,-1.2,0,0,0,0,0
2023,"Wake Forest","ACC",-7.9,96,101,20.2,66,26.9,-1.2,0,0,0,0,0
2023,"Baylor","Big 12",-8.3,97,78,24.5,31,32.6,-0.2,0,0,0,0,0
2023,"Colorado State","Mountain West",-8.9,98,90,21.9,33,32,1.2,0,0,0,0,0
2023,"Marshall","Sun Belt",-9,99,79,24.4,36,31.5,-1.8,0,0,0,0,0
2023,"Florida Atlantic","American Athletic",-9.4,100,104,19.8,54,27.9,-1.2,0,0,0,0,0
2023,"Middle Tennessee","Conference USA",-9.5,101,93,21.5,44,30,-1,0,0,0,0,0
2023,"Old Dominion","Sun Belt",-10.1,102,84,23.1,37,31.3,-1.9,0,0,0,0,0
2023,"Rice","American Athletic",-10.2,103,69,26,19,34.4,-1.8,0,0,0,0,0
2023,"San Diego State","Mountain West",-10.3,104,106,19.4,41,30.2,0.5,0,0,0,0,0
2023,"Virginia","ACC",-10.8,105,97,21,35,31.7,-0.1,0,0,0,0,0
2023,"Utah State","Mountain West",-10.9,106,54,28.6,3,38.6,-0.9,0,0,0,0,0
2023,"Arizona State","Big 12",-11.3,107,101,20.2,45,29.9,-1.6,0,0,0,0,0
2023,"Stanford","ACC",-11.9,108,95,21.4,17,34.5,1.1,0,0,0,0,0
2023,"Eastern Michigan","Mid-American",-12.3,109,130,13,67,26.8,1.5,0,0,0,0,0
2023,"Vanderbilt","SEC",-12.7,110,80,23.6,10,36.3,-0.1,0,0,0,0,0
2023,"East Carolina","American Athletic",-12.8,111,124,15.4,53,28.1,-0.1,0,0,0,0,0
2023,"Louisiana Tech","Conference USA",-12.9,112,89,22.1,12,36,1,0,0,0,0,0
2023,"Tulsa","American Athletic",-13.7,113,99,20.9,16,34.7,0.1,0,0,0,0,0
2023,"Navy","American Athletic",-13.7,113,126,15,61,27.2,-1.5,0,0,0,0,0
2023,"Sam Houston","Conference USA",-13.8,115,120,16,49,28.8,-1.1,0,0,0,0,0
2023,"Southern Miss","Sun Belt",-14.4,116,81,23.5,9,36.4,-1.5,0,0,0,0,0
2023,"UAB","American Athletic",-14.7,117,64,26.9,2,39.6,-2.1,0,0,0,0,0
2023,"Ball State","Mid-American",-14.9,118,131,12.6,69,26.3,-1.1,0,0,0,0,0
2023,"Buffalo","Mid-American",-15.2,119,125,15.3,46,29.5,-1,0,0,0,0,0
2023,"UConn","FBS Independents",-15.6,120,117,17,38,31,-1.6,0,0,0,0,0
2023,"Western Michigan","Mid-American",-15.9,121,109,19.1,26,33.2,-1.9,0,0,0,0,0
2023,"UTEP","Conference USA",-16.2,122,118,16.9,33,32,-1.2,0,0,0,0,0
2023,"Hawai'i","Mountain West",-16.4,123,106,19.4,13,35.7,-0.1,0,0,0,0,0
2023,"New Mexico","Mountain West",-16.5,124,85,22.5,6,37.2,-1.8,0,0,0,0,0
2023,"Massachusetts","FBS Independents",-17.5,125,100,20.8,11,36.2,-2.1,0,0,0,0,0
2023,"Central Michigan","Mid-American",-19.1,126,119,16.8,22,34,-1.9,0,0,0,0,0
2023,"Temple","American Athletic",-21,127,110,18.6,4,37.8,-1.9,0,0,0,0,0
2023,"Florida International","Conference USA",-21.2,128,120,16,14,35.6,-1.6,0,0,0,0,0
2023,"Charlotte","American Athletic",-21.4,129,127,14.8,19,34.4,-1.8,0,0,0,0,0
2023,"Akron","Mid-American",-21.6,130,132,10.5,42,30.1,-2,0,0,0,0,0
2023,"UL Monroe","Sun Belt",-21.6,130,116,17.6,5,37.5,-1.7,0,0,0,0,0
2023,"Nevada","Mountain West",-22,132,128,14.6,7,37,0.4,0,0,0,0,0
2023,"Kent State","Mid-American",-26.3,133,133,8.2,15,34.8,0.3,0,0,0,0,0
2023,"nationalAverages","Unknown",-0.0969924812030075,65,65,26.3699248120301,65,26.4721804511278,0.00150375939849624,1,1,1,1,0
2024,"Ohio State","Big Ten",31.2,1,3,39.5,134,9.2,0.8,0,0,0,0,0
2024,"Ole Miss","SEC",27.9,2,7,37.7,132,11.9,2.1,0,0,0,0,0
2024,"Oregon","Big Ten",26,3,2,40.8,121,16.3,1.5,0,0,0,0,0
2024,"Alabama","SEC",25,4,6,37.9,127,14.6,1.7,0,0,0,0,0
2024,"Penn State","Big Ten",24.6,5,9,37.5,131,13.1,0.2,0,0,0,0,0
2024,"Georgia","SEC",24.3,6,10,37.3,126,14.9,1.9,0,0,0,0,0
2024,"Texas","SEC",24.1,7,13,36.6,133,10.8,-1.7,0,0,0,0,0
2024,"Notre Dame","FBS Independents",23.9,8,4,38.6,128,14.1,-0.6,0,0,0,0,0
2024,"Tennessee","SEC",22,9,23,33.7,129,13.5,1.7,0,0,0,0,0
2024,"Miami","ACC",21.6,10,1,44.2,83,24.3,1.8,0,0,0,0,0
2024,"Indiana","Big Ten",20.1,11,18,35,120,16.4,1.5,0,0,0,0,0
2024,"SMU","ACC",17.5,12,5,38.2,105,21.1,0.4,0,0,0,0,0
2024,"Texas A&M","SEC",17,13,21,34,116,18.6,1.6,0,0,0,0,0
2024,"South Carolina","SEC",16.9,14,35,32.1,122,16,0.8,0,0,0,0,0
2024,"LSU","SEC",15.9,15,11,36.8,100,21.7,0.8,0,0,0,0,0
2024,"Iowa","Big Ten",15.8,16,69,27,130,13.3,2,0,0,0,0,0
2024,"BYU","Big 12",15.3,17,36,32,114,18.8,2,0,0,0,0,0
2024,"Kansas State","Big 12",14.1,18,29,33,110,20.4,1.5,0,0,0,0,0
2024,"Missouri","SEC",14,19,23,33.7,115,18.7,-1,0,0,0,0,0
2024,"Florida","SEC",13.8,20,37,31.7,112,20,2.1,0,0,0,0,0
2024,"Louisville","ACC",13.6,21,7,37.7,93,22.9,-1.1,0,0,0,0,0
2024,"Clemson","ACC",13.3,22,16,35.4,106,20.9,-1.1,0,0,0,0,0
2024,"USC","Big Ten",11.9,23,15,35.6,87,24,0.3,0,0,0,0,0
2024,"Arkansas","SEC",11,24,40,31.4,100,21.7,1.3,0,0,0,0,0
2024,"TCU","Big 12",10.8,25,19,34.6,96,22.8,-0.9,0,0,0,0,0
2024,"Michigan","Big Ten",10.6,26,93,24.1,125,15.1,1.7,0,0,0,0,0
2024,"Minnesota","Big Ten",10.4,27,79,25.6,124,15.4,0.2,0,0,0,0,0
2024,"Iowa State","Big 12",10.3,28,44,30.8,111,20.2,-0.3,0,0,0,0,0
2024,"Boise State","Mountain West",10.1,29,17,35.3,85,24.2,-1,0,0,0,0,0
2024,"Virginia Tech","ACC",10,30,41,31.3,98,22.4,1.2,0,0,0,0,0
2024,"Memphis","American Athletic",9.6,31,12,36.7,55,28.2,1,0,0,0,0,0
2024,"Illinois","Big Ten",9.6,31,55,29,106,20.9,1.5,0,0,0,0,0
2024,"Oklahoma","SEC",9.5,33,75,25.9,117,17.8,1.4,0,0,0,0,0
2024,"Auburn","SEC",9.5,33,63,27.9,117,17.8,-0.6,0,0,0,0,0
2024,"Arizona State","Big 12",9.4,35,32,32.4,106,20.9,-2.1,0,0,0,0,0
2024,"UNLV","Mountain West",9.3,36,31,32.6,80,24.6,1.3,0,0,0,0,0
2024,"Army","American Athletic",9.2,37,42,31.1,100,21.7,-0.1,0,0,0,0,0
2024,"Baylor","Big 12",8.4,38,25,33.5,72,26.2,1.1,0,0,0,0,0
2024,"Colorado","Big 12",8.1,39,27,33.3,90,23.5,-1.7,0,0,0,0,0
2024,"Utah","Big 12",7.7,40,96,23.6,119,17.2,1.3,0,0,0,0,0
2024,"James Madison","Sun Belt",7.5,41,49,29.7,93,22.9,0.7,0,0,0,0,0
2024,"Rutgers","Big Ten",6.4,42,58,28.5,96,22.8,0.7,0,0,0,0,0
2024,"Tulane","American Athletic",5.7,43,30,32.9,61,27.1,-0.1,0,0,0,0,0
2024,"Duke","ACC",5.6,44,71,26.7,104,21.3,0.2,0,0,0,0,0
2024,"Syracuse","ACC",5.5,45,14,35.8,52,28.9,-1.3,0,0,0,0,0
2024,"Kentucky","SEC",5.5,45,88,24.5,106,20.9,2,0,0,0,0,0
2024,"Nebraska","Big Ten",5.5,45,99,23.1,123,15.8,-1.8,0,0,0,0,0
2024,"Texas State","Sun Belt",5.4,48,20,34.2,53,28.4,-0.4,0,0,0,0,0
2024,"North Carolina","ACC",5,49,38,31.5,68,26.3,-0.2,0,0,0,0,0
2024,"Pittsburgh","ACC",4.9,50,54,29.3,68,26.3,1.8,0,0,0,0,0
2024,"Vanderbilt","SEC",4.9,50,60,28.2,76,25.4,2,0,0,0,0,0
2024,"Kansas","Big 12",4.9,50,32,32.4,66,26.5,-1,0,0,0,0,0
2024,"Louisiana","Sun Belt",4.8,53,38,31.5,57,27.8,1.1,0,0,0,0,0
2024,"Texas Tech","Big 12",4.3,54,25,33.5,39,30.8,1.6,0,0,0,0,0
2024,"California","ACC",4,55,65,27.4,93,22.9,-0.5,0,0,0,0,0
2024,"NC State","ACC",3.9,56,47,29.9,66,26.5,0.5,0,0,0,0,0
2024,"Navy","American Athletic",3.5,57,51,29.5,82,24.4,-1.7,0,0,0,0,0
2024,"Marshall","Sun Belt",3.1,58,50,29.6,63,26.9,0.4,0,0,0,0,0
2024,"Washington","Big Ten",3.1,58,66,27.3,98,22.4,-1.8,0,0,0,0,0
2024,"Wisconsin","Big Ten",3,60,100,23,113,19.8,-0.2,0,0,0,0,0
2024,"UCF","Big 12",2.8,61,55,29,74,25.8,-0.4,0,0,0,0,0
2024,"South Alabama","Sun Belt",2.8,61,47,29.9,63,26.9,-0.2,0,0,0,0,0
2024,"Ohio","Mid-American",2.3,63,67,27.2,88,23.9,-0.9,0,0,0,0,0
2024,"UTSA","American Athletic",2.2,64,34,32.3,34,31.5,1.4,0,0,0,0,0
2024,"West Virginia","Big 12",2.1,65,46,30.1,47,29.7,1.8,0,0,0,0,0
2024,"Georgia Tech","ACC",1.9,66,42,31.1,56,27.9,-1.3,0,0,0,0,0
2024,"UConn","FBS Independents",1.5,67,70,26.9,75,25.7,0.3,0,0,0,0,0
2024,"Washington State","Pac-12",1.3,68,21,34,38,31.1,-1.5,0,0,0,0,0
2024,"Miami (OH)","Mid-American",1.3,68,98,23.2,92,23.2,1.3,0,0,0,0,0
2024,"Boston College","ACC",1.2,70,62,28,79,24.7,-2.1,0,0,0,0,0
2024,"Liberty","Conference USA",0.2,71,60,28.2,65,26.6,-1.5,0,0,0,0,0
2024,"Cincinnati","Big 12",-0.1,72,79,25.6,78,25,-0.7,0,0,0,0,0
2024,"East Carolina","American Athletic",-1,73,58,28.5,47,29.7,0.2,0,0,0,0,0
2024,"Jacksonville State","Conference USA",-1,73,57,28.8,54,28.3,-1.5,0,0,0,0,0
2024,"UCLA","Big Ten",-1.3,75,103,21.3,91,23.3,0.7,0,0,0,0,0
2024,"Georgia Southern","Sun Belt",-1.7,76,72,26.5,43,30.1,1.9,0,0,0,0,0
2024,"Bowling Green","Mid-American",-1.8,77,79,25.6,60,27.2,-0.2,0,0,0,0,0
2024,"Western Kentucky","Conference USA",-2.2,78,101,22.1,73,26.1,1.8,0,0,0,0,0
2024,"South Florida","American Athletic",-2.3,79,51,29.5,26,33.4,1.6,0,0,0,0,0
2024,"Toledo","Mid-American",-2.5,80,88,24.5,68,26.3,-0.7,0,0,0,0,0
2024,"Oklahoma State","Big 12",-2.6,81,53,29.4,33,31.7,-0.4,0,0,0,0,0
2024,"Arizona","Big 12",-2.8,82,90,24.4,51,29,1.8,0,0,0,0,0
2024,"Florida State","ACC",-3.2,83,114,20.1,77,25.3,2,0,0,0,0,0
2024,"Northern Illinois","Mid-American",-3.5,84,115,20,103,21.6,-1.9,0,0,0,0,0
2024,"Fresno State","Mountain West",-3.8,85,85,25.1,58,27.6,-1.4,0,0,0,0,0
2024,"Maryland","Big Ten",-3.9,86,97,23.3,61,27.1,-0.1,0,0,0,0,0
2024,"Buffalo","Mid-American",-4,87,84,25.4,42,30.2,0.8,0,0,0,0,0
2024,"Mississippi State","SEC",-4.1,88,82,25.5,37,31.2,1.5,0,0,0,0,0
2024,"North Texas","American Athletic",-4.5,89,27,33.3,14,37,-0.8,0,0,0,0,0
2024,"Michigan State","Big Ten",-4.6,90,119,18,86,24.1,1.4,0,0,0,0,0
2024,"Virginia","ACC",-5.1,91,95,23.7,49,29.3,0.5,0,0,0,0,0
2024,"San José State","Mountain West",-5.5,92,73,26.1,43,30.1,-1.5,0,0,0,0,0
2024,"Wake Forest","ACC",-5.7,93,77,25.8,32,31.8,0.3,0,0,0,0,0
2024,"Colorado State","Mountain West",-5.7,93,92,24.2,50,29.2,-0.8,0,0,0,0,0
2024,"Old Dominion","Sun Belt",-6,95,78,25.7,35,31.3,-0.4,0,0,0,0,0
2024,"Troy","Sun Belt",-6.6,96,93,24.1,43,30.1,-0.6,0,0,0,0,0
2024,"Oregon State","Pac-12",-6.7,97,73,26.1,28,32.7,0,0,0,0,0,0
2024,"Coastal Carolina","Sun Belt",-6.9,98,82,25.5,26,33.4,1,0,0,0,0,0
2024,"Sam Houston","Conference USA",-6.9,98,117,19,89,23.8,-2.1,0,0,0,0,0
2024,"App State","Sun Belt",-8.1,100,67,27.2,24,33.6,-1.6,0,0,0,0,0
2024,"Stanford","ACC",-8.2,101,90,24.4,23,34.1,1.5,0,0,0,0,0
2024,"Houston","Big 12",-8.2,101,118,18.1,81,24.5,-1.8,0,0,0,0,0
2024,"Northwestern","Big Ten",-8.2,101,124,17.5,83,24.3,-1.4,0,0,0,0,0
2024,"Arkansas State","Sun Belt",-9.9,104,87,24.6,16,35.2,0.7,0,0,0,0,0
2024,"Western Michigan","Mid-American",-10.2,105,86,24.7,15,36,1.1,0,0,0,0,0
2024,"Utah State","Mountain West",-10.4,106,45,30.2,4,40.3,-0.3,0,0,0,0,0
2024,"Hawai'i","Mountain West",-10.9,107,108,20.9,46,30,-1.8,0,0,0,0,0
2024,"UAB","American Athletic",-11.3,108,75,25.9,9,38,0.9,0,0,0,0,0
2024,"Rice","American Athletic",-11.4,109,110,20.5,41,30.4,-1.4,0,0,0,0,0
2024,"Louisiana Tech","Conference USA",-11.6,110,128,15.9,68,26.3,-1.2,0,0,0,0,0
2024,"Air Force","Mountain West",-11.7,111,120,17.8,59,27.5,-2,0,0,0,0,0
2024,"Florida International","Conference USA",-12.1,112,110,20.5,35,31.3,-1.2,0,0,0,0,0
2024,"Florida Atlantic","American Athletic",-12.7,113,109,20.8,30,32.1,-1.5,0,0,0,0,0
2024,"Eastern Michigan","Mid-American",-13.3,114,110,20.5,19,34.3,0.5,0,0,0,0,0
2024,"Wyoming","Mountain West",-13.6,115,127,16.3,39,30.8,0.9,0,0,0,0,0
2024,"New Mexico","Mountain West",-14.8,116,64,27.6,3,40.5,-1.9,0,0,0,0,0
2024,"Nevada","Mountain West",-15.2,117,106,21,21,34.2,-2,0,0,0,0,0
2024,"Charlotte","American Athletic",-15.3,118,102,21.4,11,37.6,0.9,0,0,0,0,0
2024,"San Diego State","Mountain West",-15.4,119,122,17.7,30,32.1,-0.9,0,0,0,0,0
2024,"Central Michigan","Mid-American",-15.8,120,122,17.7,19,34.3,0.9,0,0,0,0,0
2024,"Purdue","Big Ten",-16.2,121,116,19.2,24,33.6,-1.8,0,0,0,0,0
2024,"UL Monroe","Sun Belt",-16.7,122,126,16.9,29,32.5,-1,0,0,0,0,0
2024,"Georgia State","Sun Belt",-17.9,123,106,21,12,37.4,-1.5,0,0,0,0,0
2024,"Akron","Mid-American",-17.9,123,129,15.7,18,34.6,1,0,0,0,0,0
2024,"New Mexico State","Conference USA",-19,125,120,17.8,8,38.1,1.3,0,0,0,0,0
2024,"Ball State","Mid-American",-19.8,126,103,21.3,2,40.8,-0.3,0,0,0,0,0
2024,"Temple","American Athletic",-20.3,127,125,17.3,10,37.8,0.3,0,0,0,0,0
2024,"Tulsa","American Athletic",-20.6,128,105,21.2,4,40.3,-1.6,0,0,0,0,0
2024,"Massachusetts","FBS Independents",-21.9,129,110,20.5,4,40.3,-2.1,0,0,0,0,0
2024,"UTEP","Conference USA",-22.7,130,131,13.7,21,34.2,-2.1,0,0,0,0,0
2024,"Middle Tennessee","Conference USA",-24.4,131,131,13.7,13,37.3,-0.8,0,0,0,0,0
2024,"Kennesaw State","Conference USA",-25.1,132,134,10.2,17,35.1,-0.3,0,0,0,0,0
2024,"Southern Miss","Sun Belt",-25.6,133,130,14.4,7,39.4,-0.6,0,0,0,0,0
2024,"Kent State","Mid-American",-33,134,133,12.6,1,43.8,-1.9,0,0,0,0,0
2024,"nationalAverages","Unknown",0.552238805970149,65,65,27.1440298507463,65,26.6097014925373,0.0208955223880597,1,1,1,1,0
